Year	Month	Day	Avg
2013	4	28	134.04
2013	4	29	140.745
2013	4	30	140.49
2013	5	1	123.80499999999999
2013	5	2	108.94
2013	5	3	93.615
2013	5	4	103.75
2013	5	5	112.97
2013	5	6	115.65
2013	5	7	105.57
2013	5	8	112.69
2013	5	9	111.36
2013	5	10	116.775
2013	5	11	115.845
2013	5	12	115.445
2013	5	13	116.6
2013	5	14	115.025
2013	5	15	109.655
2013	5	16	115.48
2013	5	17	120.935
2013	5	18	123.775
2013	5	19	122.035
2013	5	20	121.87
2013	5	21	122.10499999999999
2013	5	22	123.0
2013	5	23	125.015
2013	5	24	129.785
2013	5	25	131.06
2013	5	26	133.31
2013	5	27	130.085
2013	5	28	128.09
2013	5	29	130.125
2013	5	30	129.625
2013	5	31	128.15
2013	6	1	128.49
2013	6	2	122.225
2013	6	3	119.25
2013	6	4	121.47
2013	6	5	121.685
2013	6	6	120.175
2013	6	7	112.71000000000001
2013	6	8	109.36
2013	6	9	98.745
2013	6	10	102.55
2013	6	11	106.8
2013	6	12	109.26
2013	6	13	105.41499999999999
2013	6	14	101.35
2013	6	15	100.85
2013	6	16	100.275
2013	6	17	100.60499999999999
2013	6	18	106.07
2013	6	19	107.995
2013	6	20	110.9
2013	6	21	111.34
2013	6	22	108.735
2013	6	23	107.515
2013	6	24	104.655
2013	6	25	103.74000000000001
2013	6	26	104.14
2013	6	27	102.55
2013	6	28	97.035
2013	6	29	96.495
2013	6	30	96.17
2013	7	1	91.97999999999999
2013	7	2	89.905
2013	7	3	83.98
2013	7	4	77.555
2013	7	5	72.765
2013	7	6	70.91
2013	7	7	70.59
2013	7	8	76.3
2013	7	9	75.41
2013	7	10	81.6
2013	7	11	87.68
2013	7	12	96.08500000000001
2013	7	13	93.155
2013	7	14	95.78
2013	7	15	97.505
2013	7	16	98.0
2013	7	17	98.075
2013	7	18	92.5
2013	7	19	91.5
2013	7	20	91.185
2013	7	21	89.975
2013	7	22	91.03999999999999
2013	7	23	94.21
2013	7	24	94.495
2013	7	25	95.6
2013	7	26	96.735
2013	7	27	95.0
2013	7	28	97.28999999999999
2013	7	29	100.47999999999999
2013	7	30	104.22999999999999
2013	7	31	107.61
2013	8	1	105.505
2013	8	2	104.60499999999999
2013	8	3	103.89
2013	8	4	104.735
2013	8	5	106.38499999999999
2013	8	6	106.47
2013	8	7	106.75
2013	8	8	104.005
2013	8	9	103.845
2013	8	10	103.155
2013	8	11	103.975
2013	8	12	105.75
2013	8	13	107.0
2013	8	14	111.5
2013	8	15	111.125
2013	8	16	110.41
2013	8	17	110.99000000000001
2013	8	18	113.345
2013	8	19	117.41499999999999
2013	8	20	120.26
2013	8	21	122.295
2013	8	22	122.05
2013	8	23	120.22
2013	8	24	119.705
2013	8	25	121.08
2013	8	26	121.345
2013	8	27	123.655
2013	8	28	124.97
2013	8	29	122.955
2013	8	30	128.37
2013	8	31	136.805
2013	9	1	140.31
2013	9	2	140.695
2013	9	3	135.67000000000002
2013	9	4	134.055
2013	9	5	126.63499999999999
2013	9	6	123.245
2013	9	7	122.19999999999999
2013	9	8	122.60499999999999
2013	9	9	124.405
2013	9	10	127.82000000000001
2013	9	11	130.55
2013	9	12	133.945
2013	9	13	134.925
2013	9	14	132.36
2013	9	15	129.85
2013	9	16	131.245
2013	9	17	128.825
2013	9	18	131.87
2013	9	19	130.11
2013	9	20	131.15
2013	9	21	127.42500000000001
2013	9	22	130.265
2013	9	23	129.195
2013	9	24	126.425
2013	9	25	128.51
2013	9	26	131.125
2013	9	27	131.615
2013	9	28	134.095
2013	9	29	137.66000000000003
2013	9	30	134.31
2013	10	1	133.09
2013	10	2	117.92
2013	10	3	117.725
2013	10	4	126.75
2013	10	5	129.235
2013	10	6	127.905
2013	10	7	128.315
2013	10	8	126.09
2013	10	9	128.665
2013	10	10	130.38
2013	10	11	130.725
2013	10	12	133.11
2013	10	13	136.60500000000002
2013	10	14	141.51
2013	10	15	142.26
2013	10	16	147.32999999999998
2013	10	17	144.915
2013	10	18	150.765
2013	10	19	166.58999999999997
2013	10	20	171.93
2013	10	21	179.81
2013	10	22	189.46
2013	10	23	203.0
2013	10	24	192.97
2013	10	25	183.685
2013	10	26	182.07999999999998
2013	10	27	186.51999999999998
2013	10	28	195.34
2013	10	29	201.67000000000002
2013	10	30	204.565
2013	10	31	202.015
2013	11	1	204.39
2013	11	2	204.70499999999998
2013	11	3	209.52
2013	11	4	222.475
2013	11	5	238.44
2013	11	6	253.89
2013	11	7	282.86
2013	11	8	317.795
2013	11	9	345.265
2013	11	10	313.97
2013	11	11	331.525
2013	11	12	352.805
2013	11	13	386.925
2013	11	14	410.54499999999996
2013	11	15	417.0
2013	11	16	432.91499999999996
2013	11	17	470.40999999999997
2013	11	18	599.36
2013	11	19	631.25
2013	11	20	524.05
2013	11	21	655.345
2013	11	22	724.49
2013	11	23	808.335
2013	11	24	765.115
2013	11	25	782.555
2013	11	26	864.67
2013	11	27	984.6199999999999
2013	11	28	1019.865
2013	11	29	1073.805
2013	11	30	1131.375
2013	12	1	967.45
2013	12	2	996.915
2013	12	3	1053.605
2013	12	4	1113.1399999999999
2013	12	5	1025.735
2013	12	6	935.9150000000001
2013	12	7	747.4300000000001
2013	12	8	736.6949999999999
2013	12	9	851.415
2013	12	10	944.7750000000001
2013	12	11	917.905
2013	12	12	873.445
2013	12	13	900.92
2013	12	14	881.505
2013	12	15	855.5799999999999
2013	12	16	775.25
2013	12	17	692.855
2013	12	18	549.915
2013	12	19	605.06
2013	12	20	662.245
2013	12	21	616.72
2013	12	22	626.19
2013	12	23	645.9749999999999
2013	12	24	665.05
2013	12	25	666.09
2013	12	26	730.845
2013	12	27	745.5550000000001
2013	12	28	726.2049999999999
2013	12	29	731.5250000000001
2013	12	30	753.4200000000001
2013	12	31	749.375
2014	1	1	765.1600000000001
2014	1	2	793.76
2014	1	3	811.635
2014	1	4	830.5899999999999
2014	1	5	903.46
2014	1	6	961.415
2014	1	7	883.87
2014	1	8	823.43
2014	1	9	834.25
2014	1	10	846.895
2014	1	11	891.6
2014	1	12	889.845
2014	1	13	833.67
2014	1	14	840.675
2014	1	15	851.835
2014	1	16	850.895
2014	1	17	820.27
2014	1	18	828.78
2014	1	19	848.245
2014	1	20	870.13
2014	1	21	868.565
2014	1	22	853.755
2014	1	23	835.445
2014	1	24	803.005
2014	1	25	827.205
2014	1	26	870.94
2014	1	27	825.0550000000001
2014	1	28	799.74
2014	1	29	823.36
2014	1	30	814.78
2014	1	31	822.235
2014	2	1	840.315
2014	2	2	832.6949999999999
2014	2	3	816.85
2014	2	4	830.5550000000001
2014	2	5	824.615
2014	2	6	795.2
2014	2	7	718.7750000000001
2014	2	8	691.845
2014	2	9	683.76
2014	2	10	627.105
2014	2	11	674.56
2014	2	12	657.97
2014	2	13	629.95
2014	2	14	616.38
2014	2	15	647.34
2014	2	16	624.635
2014	2	17	632.13
2014	2	18	629.15
2014	2	19	625.235
2014	2	20	591.935
2014	2	21	556.715
2014	2	22	586.53
2014	2	23	619.8050000000001
2014	2	24	573.155
2014	2	25	480.895
2014	2	26	568.19
2014	2	27	580.335
2014	2	28	564.655
2014	3	1	556.335
2014	3	2	561.875
2014	3	3	631.7149999999999
2014	3	4	675.95
2014	3	5	660.28
2014	3	6	659.78
2014	3	7	640.845
2014	3	8	619.8
2014	3	9	628.1500000000001
2014	3	10	629.89
2014	3	11	628.63
2014	3	12	638.77
2014	3	13	637.5250000000001
2014	3	14	633.37
2014	3	15	633.22
2014	3	16	632.815
2014	3	17	624.77
2014	3	18	613.095
2014	3	19	615.55
2014	3	20	598.62
2014	3	21	583.2
2014	3	22	563.47
2014	3	23	565.56
2014	3	24	569.165
2014	3	25	579.0250000000001
2014	3	26	580.495
2014	3	27	525.9
2014	3	28	499.625
2014	3	29	497.295
2014	3	30	468.275
2014	3	31	463.195
2014	4	1	476.16999999999996
2014	4	2	463.15999999999997
2014	4	3	432.23
2014	4	4	441.87
2014	4	5	453.885
2014	4	6	459.645
2014	4	7	453.84000000000003
2014	4	8	451.765
2014	4	9	448.83000000000004
2014	4	10	401.05
2014	4	11	390.52
2014	4	12	427.70000000000005
2014	4	13	411.325
2014	4	14	438.56
2014	4	15	486.27
2014	4	16	522.5799999999999
2014	4	17	509.195
2014	4	18	485.67
2014	4	19	487.06
2014	4	20	500.855
2014	4	21	501.885
2014	4	22	495.4
2014	4	23	489.53499999999997
2014	4	24	491.71000000000004
2014	4	25	471.625
2014	4	26	456.82000000000005
2014	4	27	447.86
2014	4	28	435.235
2014	4	29	443.40999999999997
2014	4	30	443.9
2014	5	1	454.12
2014	5	2	450.66499999999996
2014	5	3	440.03999999999996
2014	5	4	434.90999999999997
2014	5	5	434.295
2014	5	6	435.645
2014	5	7	437.28999999999996
2014	5	8	443.27
2014	5	9	446.41499999999996
2014	5	10	452.12
2014	5	11	444.37
2014	5	12	438.245
2014	5	13	439.475
2014	5	14	443.58000000000004
2014	5	15	446.71500000000003
2014	5	16	447.81
2014	5	17	449.64
2014	5	18	447.275
2014	5	19	445.33000000000004
2014	5	20	468.725
2014	5	21	488.93
2014	5	22	507.775
2014	5	23	531.02
2014	5	24	520.7249999999999
2014	5	25	550.855
2014	5	26	576.86
2014	5	27	571.9749999999999
2014	5	28	571.355
2014	5	29	569.35
2014	5	30	593.31
2014	5	31	614.595
2014	6	1	645.71
2014	6	2	642.125
2014	6	3	662.4449999999999
2014	6	4	646.325
2014	6	5	651.81
2014	6	6	656.835
2014	6	7	650.925
2014	6	8	656.175
2014	6	9	651.0450000000001
2014	6	10	653.0899999999999
2014	6	11	644.795
2014	6	12	605.69
2014	6	13	600.4200000000001
2014	6	14	575.5450000000001
2014	6	15	573.915
2014	6	16	597.895
2014	6	17	600.645
2014	6	18	610.14
2014	6	19	604.63
2014	6	20	593.755
2014	6	21	593.6
2014	6	22	600.315
2014	6	23	594.7750000000001
2014	6	24	589.665
2014	6	25	574.615
2014	6	26	573.1800000000001
2014	6	27	590.005
2014	6	28	600.1949999999999
2014	6	29	600.12
2014	6	30	622.52
2014	7	1	648.985
2014	7	2	647.51
2014	7	3	646.035
2014	7	4	638.915
2014	7	5	630.61
2014	7	6	634.905
2014	7	7	627.085
2014	7	8	623.8050000000001
2014	7	9	624.8
2014	7	10	619.235
2014	7	11	623.9300000000001
2014	7	12	631.8199999999999
2014	7	13	629.8199999999999
2014	7	14	622.33
2014	7	15	622.39
2014	7	16	619.21
2014	7	17	617.345
2014	7	18	624.84
2014	7	19	626.885
2014	7	20	625.67
2014	7	21	621.6
2014	7	22	622.63
2014	7	23	621.3599999999999
2014	7	24	608.0
2014	7	25	602.1500000000001
2014	7	26	598.0250000000001
2014	7	27	596.185
2014	7	28	584.8800000000001
2014	7	29	585.0450000000001
2014	7	30	575.01
2014	7	31	575.375
2014	8	1	590.775
2014	8	2	590.535
2014	8	3	585.4
2014	8	4	587.845
2014	8	5	586.985
2014	8	6	585.2950000000001
2014	8	7	587.575
2014	8	8	593.4549999999999
2014	8	9	590.05
2014	8	10	591.2
2014	8	11	582.78
2014	8	12	571.7750000000001
2014	8	13	552.8499999999999
2014	8	14	522.485
2014	8	15	503.05499999999995
2014	8	16	504.61
2014	8	17	501.91
2014	8	18	471.61
2014	8	19	470.625
2014	8	20	492.9
2014	8	21	521.175
2014	8	22	511.38
2014	8	23	503.205
2014	8	24	505.12
2014	8	25	503.725
2014	8	26	507.615
2014	8	27	515.815
2014	8	28	511.52
2014	8	29	507.76
2014	8	30	505.475
2014	8	31	489.845
2014	9	1	478.61
2014	9	2	477.655
2014	9	3	478.96
2014	9	4	485.51
2014	9	5	486.125
2014	9	6	485.8
2014	9	7	485.17499999999995
2014	9	8	479.31
2014	9	9	472.58
2014	9	10	481.31
2014	9	11	478.48
2014	9	12	476.32
2014	9	13	478.61
2014	9	14	477.985
2014	9	15	476.32
2014	9	16	470.385
2014	9	17	460.295
2014	9	18	434.98
2014	9	19	406.18499999999995
2014	9	20	406.59000000000003
2014	9	21	402.805
2014	9	22	402.025
2014	9	23	418.88
2014	9	24	428.62
2014	9	25	416.495
2014	9	26	407.475
2014	9	27	401.995
2014	9	28	387.67499999999995
2014	9	29	378.725
2014	9	30	382.21000000000004
2014	10	1	386.08
2014	10	2	379.225
2014	10	3	367.78
2014	10	4	345.19
2014	10	5	315.55
2014	10	6	323.845
2014	10	7	329.865
2014	10	8	340.775
2014	10	9	365.21000000000004
2014	10	10	364.015
2014	10	11	361.57
2014	10	12	367.78499999999997
2014	10	13	383.065
2014	10	14	401.51
2014	10	15	395.5
2014	10	16	385.94
2014	10	17	380.435
2014	10	18	387.06500000000005
2014	10	19	390.2
2014	10	20	384.16499999999996
2014	10	21	386.74
2014	10	22	385.41499999999996
2014	10	23	370.75
2014	10	24	358.83000000000004
2014	10	25	351.37
2014	10	26	351.57500000000005
2014	10	27	354.22
2014	10	28	356.33000000000004
2014	10	29	346.585
2014	10	30	342.99
2014	10	31	342.595
2014	11	1	330.79499999999996
2014	11	2	324.84000000000003
2014	11	3	329.74
2014	11	4	328.42499999999995
2014	11	5	337.025
2014	11	6	345.69500000000005
2014	11	7	347.255
2014	11	8	344.59
2014	11	9	353.945
2014	11	10	366.19
2014	11	11	367.525
2014	11	12	398.855
2014	11	13	429.105
2014	11	14	402.02
2014	11	15	388.27
2014	11	16	382.70000000000005
2014	11	17	393.85
2014	11	18	381.76
2014	11	19	380.19
2014	11	20	369.405
2014	11	21	350.995
2014	11	22	357.86
2014	11	23	362.015
2014	11	24	376.94
2014	11	25	384.74
2014	11	26	371.76
2014	11	27	371.135
2014	11	28	370.65
2014	11	29	379.875
2014	11	30	377.91999999999996
2014	12	1	380.165
2014	12	2	380.95000000000005
2014	12	3	378.69
2014	12	4	373.21000000000004
2014	12	5	372.475
2014	12	6	374.7
2014	12	7	374.78499999999997
2014	12	8	368.96
2014	12	9	354.01
2014	12	10	349.375
2014	12	11	350.06
2014	12	12	351.135
2014	12	13	349.485
2014	12	14	349.37
2014	12	15	348.375
2014	12	16	336.46000000000004
2014	12	17	324.54999999999995
2014	12	18	313.97
2014	12	19	312.65
2014	12	20	323.185
2014	12	21	324.265
2014	12	22	327.275
2014	12	23	332.94500000000005
2014	12	24	328.05
2014	12	25	319.815
2014	12	26	324.025
2014	12	27	320.77
2014	12	28	315.55499999999995
2014	12	29	316.28999999999996
2014	12	30	312.09000000000003
2014	12	31	315.2
2015	1	1	317.22
2015	1	2	314.705
2015	1	3	298.115
2015	1	4	272.42
2015	1	5	271.71
2015	1	6	280.125
2015	1	7	290.91499999999996
2015	1	8	288.15999999999997
2015	1	9	285.82
2015	1	10	281.05
2015	1	11	272.34000000000003
2015	1	12	268.7
2015	1	13	244.09499999999997
2015	1	14	197.7
2015	1	15	202.985
2015	1	16	210.68
2015	1	17	203.305
2015	1	18	206.605
2015	1	19	212.02499999999998
2015	1	20	210.195
2015	1	21	219.5
2015	1	22	231.72500000000002
2015	1	23	230.02499999999998
2015	1	24	239.115
2015	1	25	249.48
2015	1	26	281.73
2015	1	27	263.065
2015	1	28	246.79500000000002
2015	1	29	229.71
2015	1	30	234.345
2015	1	31	224.905
2015	2	1	221.79500000000002
2015	2	2	232.42000000000002
2015	2	3	235.22
2015	2	4	225.585
2015	2	5	227.07
2015	2	6	223.37
2015	2	7	226.455
2015	2	8	225.26
2015	2	9	220.5
2015	2	10	218.57
2015	2	11	220.74
2015	2	12	219.905
2015	2	13	230.76
2015	2	14	247.67000000000002
2015	2	15	246.645
2015	2	16	234.27
2015	2	17	239.04500000000002
2015	2	18	238.29500000000002
2015	2	19	239.13
2015	2	20	243.2
2015	2	21	249.25
2015	2	22	240.12
2015	2	23	236.265
2015	2	24	238.15
2015	2	25	237.435
2015	2	26	235.985
2015	2	27	246.545
2015	2	28	252.08499999999998
2015	3	1	253.79500000000002
2015	3	2	267.305
2015	3	3	276.98
2015	3	4	276.18
2015	3	5	273.22
2015	3	6	273.815
2015	3	7	273.99
2015	3	8	275.21500000000003
2015	3	9	283.29499999999996
2015	3	10	294.89
2015	3	11	293.95
2015	3	12	294.75
2015	3	13	289.91999999999996
2015	3	14	283.65999999999997
2015	3	15	283.765
2015	3	16	289.9
2015	3	17	288.37
2015	3	18	267.605
2015	3	19	256.44
2015	3	20	262.005
2015	3	21	258.925
2015	3	22	264.66999999999996
2015	3	23	269.525
2015	3	24	255.57999999999998
2015	3	25	242.85500000000002
2015	3	26	249.63
2015	3	27	251.01
2015	3	28	250.595
2015	3	29	246.995
2015	3	30	244.22500000000002
2015	3	31	245.735
2015	4	1	244.35
2015	4	2	249.94
2015	4	3	253.96
2015	4	4	253.18
2015	4	5	256.31
2015	4	6	258.19
2015	4	7	254.01
2015	4	8	249.035
2015	4	9	242.76
2015	4	10	238.23000000000002
2015	4	11	236.86
2015	4	12	235.615
2015	4	13	229.47
2015	4	14	220.64999999999998
2015	4	15	221.24
2015	4	16	226.795
2015	4	17	225.425
2015	4	18	222.6
2015	4	19	224.36
2015	4	20	224.165
2015	4	21	229.78500000000003
2015	4	22	235.695
2015	4	23	234.83999999999997
2015	4	24	233.12
2015	4	25	229.45
2015	4	26	220.905
2015	4	27	225.66500000000002
2015	4	28	226.285
2015	4	29	225.235
2015	4	30	232.275
2015	5	1	235.525
2015	5	2	234.035
2015	5	3	238.66000000000003
2015	5	4	240.225
2015	5	5	235.625
2015	5	6	232.83999999999997
2015	5	7	233.84
2015	5	8	241.275
2015	5	9	243.72
2015	5	10	241.45999999999998
2015	5	11	241.825
2015	5	12	241.49
2015	5	13	239.375
2015	5	14	235.93
2015	5	15	237.775
2015	5	16	236.5
2015	5	17	237.01999999999998
2015	5	18	234.835
2015	5	19	232.985
2015	5	20	233.26
2015	5	21	235.04000000000002
2015	5	22	238.015
2015	5	23	239.86
2015	5	24	240.39499999999998
2015	5	25	238.82999999999998
2015	5	26	236.965
2015	5	27	237.67
2015	5	28	237.235
2015	5	29	236.625
2015	5	30	234.57
2015	5	31	231.39499999999998
2015	6	1	226.505
2015	6	2	224.42
2015	6	3	225.66500000000002
2015	6	4	225.315
2015	6	5	224.575
2015	6	6	225.05
2015	6	7	224.42000000000002
2015	6	8	226.15
2015	6	9	229.44
2015	6	10	228.89499999999998
2015	6	11	229.53
2015	6	12	230.185
2015	6	13	230.93
2015	6	14	233.43
2015	6	15	235.63
2015	6	16	243.93
2015	6	17	251.66500000000002
2015	6	18	248.12
2015	6	19	247.385
2015	6	20	243.23000000000002
2015	6	21	243.55
2015	6	22	245.85
2015	6	23	245.215
2015	6	24	242.43
2015	6	25	241.85000000000002
2015	6	26	242.65
2015	6	27	247.23000000000002
2015	6	28	249.3
2015	6	29	252.875
2015	6	30	261.90999999999997
2015	7	1	260.47
2015	7	2	257.875
2015	7	3	255.295
2015	7	4	257.83
2015	7	5	266.605
2015	7	6	272.51
2015	7	7	268.085
2015	7	8	268.68
2015	7	9	269.715
2015	7	10	281.695
2015	7	11	291.02
2015	7	12	303.45
2015	7	13	295.98
2015	7	14	291.395
2015	7	15	289.31
2015	7	16	283.21000000000004
2015	7	17	276.15999999999997
2015	7	18	278.30499999999995
2015	7	19	274.09000000000003
2015	7	20	275.97
2015	7	21	277.985
2015	7	22	276.025
2015	7	23	276.915
2015	7	24	282.25
2015	7	25	288.365
2015	7	26	290.38
2015	7	27	292.61
2015	7	28	295.03499999999997
2015	7	29	291.65999999999997
2015	7	30	288.35
2015	7	31	285.65
2015	8	1	281.52
2015	8	2	280.28
2015	8	3	282.85
2015	8	4	283.475
2015	8	5	283.495
2015	8	6	280.155
2015	8	7	278.38
2015	8	8	270.32
2015	8	9	263.735
2015	8	10	264.815
2015	8	11	267.24
2015	8	12	268.07000000000005
2015	8	13	264.53499999999997
2015	8	14	264.475
2015	8	15	263.985
2015	8	16	259.74
2015	8	17	258.815
2015	8	18	234.53500000000003
2015	8	19	230.09
2015	8	20	232.135
2015	8	21	234.075
2015	8	22	228.82999999999998
2015	8	23	229.145
2015	8	24	219.29
2015	8	25	212.945
2015	8	26	225.69
2015	8	27	226.16
2015	8	28	228.075
2015	8	29	230.275
2015	8	30	229.16
2015	8	31	228.94
2015	9	1	229.04000000000002
2015	9	2	228.53
2015	9	3	228.14
2015	9	4	228.97500000000002
2015	9	5	232.79
2015	9	6	238.79500000000002
2015	9	7	240.41500000000002
2015	9	8	242.73000000000002
2015	9	9	241.12
2015	9	10	238.54
2015	9	11	239.75
2015	9	12	237.435
2015	9	13	232.635
2015	9	14	230.2
2015	9	15	244.5
2015	9	16	229.31
2015	9	17	229.61
2015	9	18	233.26999999999998
2015	9	19	232.15
2015	9	20	231.64
2015	9	21	228.87
2015	9	22	228.755
2015	9	23	230.715
2015	9	24	232.97500000000002
2015	9	25	235.555
2015	9	26	234.38
2015	9	27	233.505
2015	9	28	235.905
2015	9	29	237.865
2015	9	30	236.68
2015	10	1	237.035
2015	10	2	237.57
2015	10	3	238.13
2015	10	4	238.45499999999998
2015	10	5	238.70999999999998
2015	10	6	243.54
2015	10	7	244.635
2015	10	8	243.215
2015	10	9	243.175
2015	10	10	244.195
2015	10	11	245.695
2015	10	12	246.315
2015	10	13	247.0
2015	10	14	251.59
2015	10	15	254.005
2015	10	16	260.03499999999997
2015	10	17	267.975
2015	10	18	266.225
2015	10	19	262.885
2015	10	20	267.03499999999997
2015	10	21	267.30499999999995
2015	10	22	271.325
2015	10	23	276.11
2015	10	24	279.105
2015	10	25	287.755
2015	10	26	282.905
2015	10	27	290.61
2015	10	28	300.015
2015	10	29	309.995
2015	10	30	324.055
2015	10	31	321.015
2015	11	1	319.675
2015	11	2	344.28499999999997
2015	11	3	387.775
2015	11	4	438.055
2015	11	5	411.07
2015	11	6	374.93499999999995
2015	11	7	381.51
2015	11	8	379.29999999999995
2015	11	9	374.09
2015	11	10	355.25
2015	11	11	320.79499999999996
2015	11	12	329.22
2015	11	13	333.495
2015	11	14	334.07500000000005
2015	11	15	326.07500000000005
2015	11	16	323.77
2015	11	17	333.98
2015	11	18	333.585
2015	11	19	330.29999999999995
2015	11	20	319.345
2015	11	21	323.88
2015	11	22	324.135
2015	11	23	323.20500000000004
2015	11	24	320.59000000000003
2015	11	25	322.95
2015	11	26	347.495
2015	11	27	355.73
2015	11	28	355.855
2015	11	29	363.805
2015	11	30	376.37
2015	12	1	367.745
2015	12	2	355.85
2015	12	3	363.845
2015	12	4	359.64
2015	12	5	376.51
2015	12	6	394.95
2015	12	7	392.69000000000005
2015	12	8	402.755
2015	12	9	414.70500000000004
2015	12	10	415.53
2015	12	11	433.61
2015	12	12	439.92
2015	12	13	433.975
2015	12	14	438.79999999999995
2015	12	15	454.6
2015	12	16	454.53
2015	12	17	453.36
2015	12	18	460.06
2015	12	19	461.17499999999995
2015	12	20	448.495
2015	12	21	436.02
2015	12	22	439.605
2015	12	23	440.575
2015	12	24	450.77
2015	12	25	455.195
2015	12	26	431.625
2015	12	27	416.445
2015	12	28	424.125
2015	12	29	426.805
2015	12	30	428.235
2015	12	31	425.83000000000004
2016	1	1	431.885
2016	1	2	433.96500000000003
2016	1	3	429.225
2016	1	4	431.79999999999995
2016	1	5	431.93
2016	1	6	429.1
2016	1	7	443.92499999999995
2016	1	8	455.435
2016	1	9	450.765
2016	1	10	444.33000000000004
2016	1	11	447.26
2016	1	12	441.935
2016	1	13	429.815
2016	1	14	430.58500000000004
2016	1	15	397.29499999999996
2016	1	16	372.735
2016	1	17	385.53
2016	1	18	382.385
2016	1	19	383.35
2016	1	20	400.935
2016	1	21	414.59000000000003
2016	1	22	392.845
2016	1	23	388.26
2016	1	24	396.5
2016	1	25	395.435
2016	1	26	394.17499999999995
2016	1	27	394.30999999999995
2016	1	28	387.62
2016	1	29	374.91499999999996
2016	1	30	378.70500000000004
2016	1	31	374.095
2016	2	1	373.015
2016	2	2	374.4
2016	2	3	371.5
2016	2	4	380.8
2016	2	5	388.33
2016	2	6	379.51
2016	2	7	377.885
2016	2	8	376.605
2016	2	9	375.075
2016	2	10	380.63
2016	2	11	379.765
2016	2	12	382.275
2016	2	13	388.25
2016	2	14	400.08000000000004
2016	2	15	404.065
2016	2	16	405.19
2016	2	17	413.975
2016	2	18	420.82
2016	2	19	420.35
2016	2	20	431.79
2016	2	21	438.565
2016	2	22	435.985
2016	2	23	428.84000000000003
2016	2	24	419.73
2016	2	25	424.07000000000005
2016	2	26	426.885
2016	2	27	431.165
2016	2	28	429.75
2016	2	29	436.6
2016	3	1	435.985
2016	3	2	429.95500000000004
2016	3	3	422.39
2016	3	4	418.06
2016	3	5	402.65
2016	3	6	403.845
2016	3	7	411.115
2016	3	8	413.66499999999996
2016	3	9	413.82
2016	3	10	415.38
2016	3	11	420.47
2016	3	12	415.945
2016	3	13	414.12
2016	3	14	415.44
2016	3	15	416.56
2016	3	16	416.8
2016	3	17	419.445
2016	3	18	413.345
2016	3	19	409.105
2016	3	20	412.515
2016	3	21	411.9
2016	3	22	415.455
2016	3	23	418.315
2016	3	24	417.08500000000004
2016	3	25	416.82
2016	3	26	417.625
2016	3	27	423.255
2016	3	28	425.07500000000005
2016	3	29	419.44
2016	3	30	414.66499999999996
2016	3	31	416.815
2016	4	1	417.0
2016	4	2	420.25
2016	4	3	420.64
2016	4	4	420.97
2016	4	5	422.435
2016	4	6	423.63
2016	4	7	422.09000000000003
2016	4	8	422.5
2016	4	9	418.705
2016	4	10	420.85
2016	4	11	421.635
2016	4	12	425.05999999999995
2016	4	13	424.79
2016	4	14	424.19
2016	4	15	427.18
2016	4	16	430.805
2016	4	17	428.725
2016	4	18	428.17999999999995
2016	4	19	432.06
2016	4	20	438.73
2016	4	21	445.75
2016	4	22	446.98
2016	4	23	447.30499999999995
2016	4	24	454.53999999999996
2016	4	25	460.105
2016	4	26	464.795
2016	4	27	455.605
2016	4	28	443.1
2016	4	29	450.7
2016	4	30	451.645
2016	5	1	450.20500000000004
2016	5	2	447.115
2016	5	3	446.86
2016	5	4	448.005
2016	5	5	447.195
2016	5	6	454.225
2016	5	7	459.0
2016	5	8	457.70000000000005
2016	5	9	459.505
2016	5	10	455.44
2016	5	11	452.72
2016	5	12	452.1
2016	5	13	455.255
2016	5	14	455.815
2016	5	15	457.075
2016	5	16	455.575
2016	5	17	454.34000000000003
2016	5	18	454.65
2016	5	19	446.675
2016	5	20	440.72
2016	5	21	442.745
2016	5	22	441.235
2016	5	23	441.58500000000004
2016	5	24	445.515
2016	5	25	448.18
2016	5	26	450.77
2016	5	27	465.835
2016	5	28	503.08500000000004
2016	5	29	533.0699999999999
2016	5	30	533.655
2016	5	31	533.64
2016	6	1	534.36
2016	6	2	536.715
2016	6	3	555.78
2016	6	4	577.185
2016	6	5	575.9949999999999
2016	6	6	580.5350000000001
2016	6	7	578.885
2016	6	8	577.985
2016	6	9	576.575
2016	6	10	576.23
2016	6	11	592.895
2016	6	12	645.94
2016	6	13	690.245
2016	6	14	683.65
2016	6	15	684.43
2016	6	16	735.12
2016	6	17	745.96
2016	6	18	755.96
2016	6	19	756.125
2016	6	20	748.405
2016	6	21	687.475
2016	6	22	633.075
2016	6	23	593.735
2016	6	24	653.5
2016	6	25	669.145
2016	6	26	641.4549999999999
2016	6	27	637.9
2016	6	28	648.51
2016	6	29	636.48
2016	6	30	656.005
2016	7	1	677.87
2016	7	2	690.05
2016	7	3	676.99
2016	7	4	667.085
2016	7	5	674.28
2016	7	6	676.16
2016	7	7	647.13
2016	7	8	651.59
2016	7	9	649.89
2016	7	10	646.775
2016	7	11	652.3050000000001
2016	7	12	661.02
2016	7	13	661.585
2016	7	14	657.91
2016	7	15	663.06
2016	7	16	662.895
2016	7	17	672.1800000000001
2016	7	18	675.095
2016	7	19	670.4549999999999
2016	7	20	668.145
2016	7	21	663.3199999999999
2016	7	22	656.6500000000001
2016	7	23	652.4449999999999
2016	7	24	657.95
2016	7	25	657.615
2016	7	26	651.0550000000001
2016	7	27	652.955
2016	7	28	656.0450000000001
2016	7	29	656.295
2016	7	30	656.215
2016	7	31	639.8299999999999
2016	8	1	616.0
2016	8	2	572.09
2016	8	3	557.4549999999999
2016	8	4	572.64
2016	8	5	574.13
2016	8	6	578.935
2016	8	7	592.165
2016	8	8	590.52
2016	8	9	587.94
2016	8	10	593.175
2016	8	11	593.3299999999999
2016	8	12	586.8599999999999
2016	8	13	587.375
2016	8	14	575.2249999999999
2016	8	15	568.4100000000001
2016	8	16	574.23
2016	8	17	576.16
2016	8	18	575.6099999999999
2016	8	19	576.21
2016	8	20	579.1400000000001
2016	8	21	582.19
2016	8	22	584.52
2016	8	23	585.55
2016	8	24	581.725
2016	8	25	577.81
2016	8	26	578.74
2016	8	27	574.24
2016	8	28	571.89
2016	8	29	574.875
2016	8	30	576.235
2016	8	31	575.75
2016	9	1	574.06
2016	9	2	573.2249999999999
2016	9	3	586.78
2016	9	4	604.345
2016	9	5	605.65
2016	9	6	607.96
2016	9	7	611.53
2016	9	8	621.3050000000001
2016	9	9	623.5450000000001
2016	9	10	623.75
2016	9	11	614.665
2016	9	12	606.935
2016	9	13	609.06
2016	9	14	610.1800000000001
2016	9	15	609.125
2016	9	16	608.0
2016	9	17	606.5250000000001
2016	9	18	608.01
2016	9	19	609.5999999999999
2016	9	20	608.735
2016	9	21	599.735
2016	9	22	597.35
2016	9	23	599.5
2016	9	24	603.315
2016	9	25	601.5450000000001
2016	9	26	604.245
2016	9	27	606.1800000000001
2016	9	28	605.6
2016	9	29	605.835
2016	9	30	606.94
2016	10	1	612.585
2016	10	2	611.845
2016	10	3	611.5150000000001
2016	10	4	610.765
2016	10	5	611.7149999999999
2016	10	6	612.645
2016	10	7	614.865
2016	10	8	618.595
2016	10	9	617.905
2016	10	10	618.76
2016	10	11	630.29
2016	10	12	638.655
2016	10	13	636.9300000000001
2016	10	14	639.15
2016	10	15	639.745
2016	10	16	640.9
2016	10	17	640.495
2016	10	18	638.37
2016	10	19	633.44
2016	10	20	630.0899999999999
2016	10	21	632.3900000000001
2016	10	22	645.5250000000001
2016	10	23	657.51
2016	10	24	654.925
2016	10	25	659.06
2016	10	26	668.7049999999999
2016	10	27	683.315
2016	10	28	687.3
2016	10	29	705.2249999999999
2016	10	30	705.3
2016	10	31	700.4849999999999
2016	11	1	718.895
2016	11	2	731.59
2016	11	3	711.9649999999999
2016	11	4	696.2449999999999
2016	11	5	702.625
2016	11	6	706.91
2016	11	7	705.3199999999999
2016	11	8	707.69
2016	11	9	724.3299999999999
2016	11	10	717.115
2016	11	11	716.365
2016	11	12	710.595
2016	11	13	696.29
2016	11	14	703.045
2016	11	15	710.49
2016	11	16	728.3299999999999
2016	11	17	747.5799999999999
2016	11	18	744.885
2016	11	19	750.355
2016	11	20	736.71
2016	11	21	736.115
2016	11	22	745.2
2016	11	23	745.585
2016	11	24	740.1600000000001
2016	11	25	738.12
2016	11	26	735.9200000000001
2016	11	27	735.0550000000001
2016	11	28	735.245
2016	11	29	736.015
2016	11	30	742.0999999999999
2016	12	1	752.165
2016	12	2	769.425
2016	12	3	771.5550000000001
2016	12	4	771.015
2016	12	5	762.59
2016	12	6	762.1700000000001
2016	12	7	765.645
2016	12	8	770.325
2016	12	9	772.0899999999999
2016	12	10	775.0
2016	12	11	770.105
2016	12	12	775.98
2016	12	13	783.21
2016	12	14	779.435
2016	12	15	779.62
2016	12	16	781.995
2016	12	17	788.685
2016	12	18	791.385
2016	12	19	791.965
2016	12	20	796.4200000000001
2016	12	21	816.845
2016	12	22	854.9649999999999
2016	12	23	894.9
2016	12	24	904.9100000000001
2016	12	25	881.035
2016	12	26	905.04
2016	12	27	922.155
2016	12	28	955.375
2016	12	29	966.95
2016	12	30	953.685
2016	12	31	955.49
2017	1	1	980.8900000000001
2017	1	2	1014.0450000000001
2017	1	3	1032.84
2017	1	4	1101.91
2017	1	5	1050.76
2017	1	6	965.375
2017	1	7	866.075
2017	1	8	914.985
2017	1	9	896.75
2017	1	10	907.9649999999999
2017	1	11	841.11
2017	1	12	791.005
2017	1	13	804.5
2017	1	14	823.7750000000001
2017	1	15	818.0899999999999
2017	1	16	827.4
2017	1	17	870.68
2017	1	18	887.9
2017	1	19	894.475
2017	1	20	893.2049999999999
2017	1	21	911.4549999999999
2017	1	22	917.545
2017	1	23	922.505
2017	1	24	908.22
2017	1	25	897.47
2017	1	26	910.7750000000001
2017	1	27	919.5350000000001
2017	1	28	921.8599999999999
2017	1	29	921.285
2017	1	30	921.26
2017	1	31	946.49
2017	2	1	979.925
2017	2	2	998.37
2017	2	3	1021.3299999999999
2017	2	4	1030.53
2017	2	5	1033.0
2017	2	6	1036.4
2017	2	7	1051.035
2017	2	8	1058.23
2017	2	9	1021.165
2017	2	10	972.8
2017	2	11	996.06
2017	2	12	1000.8399999999999
2017	2	13	989.05
2017	2	14	998.99
2017	2	15	1005.21
2017	2	16	1020.51
2017	2	17	1039.4050000000002
2017	2	18	1054.03
2017	2	19	1050.135
2017	2	20	1061.0900000000001
2017	2	21	1097.0900000000001
2017	2	22	1112.97
2017	2	23	1146.79
2017	2	24	1166.1750000000002
2017	2	25	1149.7199999999998
2017	2	26	1148.835
2017	2	27	1172.68
2017	2	28	1182.5349999999999
2017	3	1	1201.095
2017	3	2	1238.875
2017	3	3	1265.51
2017	3	4	1254.955
2017	3	5	1252.675
2017	3	6	1270.3
2017	3	7	1240.175
2017	3	8	1190.12
2017	3	9	1169.345
2017	3	10	1173.8600000000001
2017	3	11	1155.0749999999998
2017	3	12	1201.17
2017	3	13	1227.1999999999998
2017	3	14	1232.7649999999999
2017	3	15	1245.6799999999998
2017	3	16	1205.21
2017	3	17	1139.865
2017	3	18	1035.865
2017	3	19	1023.32
2017	3	20	1049.855
2017	3	21	1088.895
2017	3	22	1067.43
2017	3	23	1043.47
2017	3	24	987.415
2017	3	25	939.735
2017	3	26	981.075
2017	3	27	1009.19
2017	3	28	1046.19
2017	3	29	1035.505
2017	3	30	1034.665
2017	3	31	1050.7800000000002
2017	4	1	1076.405
2017	4	2	1091.52
2017	4	3	1127.345
2017	4	4	1138.48
2017	4	5	1124.3600000000001
2017	4	6	1157.09
2017	4	7	1174.9850000000001
2017	4	8	1173.78
2017	4	9	1184.5349999999999
2017	4	10	1184.69
2017	4	11	1197.7649999999999
2017	4	12	1201.95
2017	4	13	1181.165
2017	4	14	1175.295
2017	4	15	1176.48
2017	4	16	1179.915
2017	4	17	1183.775
2017	4	18	1205.67
2017	4	19	1210.295
2017	4	20	1224.6
2017	4	21	1225.75
2017	4	22	1222.0149999999999
2017	4	23	1218.0700000000002
2017	4	24	1230.285
2017	4	25	1258.775
2017	4	26	1280.38
2017	4	27	1300.5
2017	4	28	1311.8249999999998
2017	4	29	1321.205
2017	4	30	1331.415
2017	5	1	1391.31
2017	5	2	1444.795
2017	5	3	1470.13
2017	5	4	1549.815
2017	5	5	1574.17
2017	5	6	1560.65
2017	5	7	1578.24
2017	5	8	1660.135
2017	5	9	1774.895
2017	5	10	1753.77
2017	5	11	1814.6399999999999
2017	5	12	1775.08
2017	5	13	1732.0349999999999
2017	5	14	1804.02
2017	5	15	1760.67
2017	5	16	1736.24
2017	5	17	1762.98
2017	5	18	1855.8
2017	5	19	1947.385
2017	5	20	2029.825
2017	5	21	2078.29
2017	5	22	2160.885
2017	5	23	2249.66
2017	5	24	2422.545
2017	5	25	2524.505
2017	5	26	2322.89
2017	5	27	2058.015
2017	5	28	2160.71
2017	5	29	2207.11
2017	5	30	2213.2650000000003
2017	5	31	2228.325
2017	6	1	2368.3599999999997
2017	6	2	2430.9350000000004
2017	6	3	2502.74
2017	6	4	2519.215
2017	6	5	2598.515
2017	6	6	2845.375
2017	6	7	2784.9700000000003
2017	6	8	2743.125
2017	6	9	2848.665
2017	6	10	2848.77
2017	6	11	2918.565
2017	6	12	2757.91
2017	6	13	2719.71
2017	6	14	2599.885
2017	6	15	2373.835
2017	6	16	2462.535
2017	6	17	2585.075
2017	6	18	2589.215
2017	6	19	2605.94
2017	6	20	2676.635
2017	6	21	2716.205
2017	6	22	2683.05
2017	6	23	2735.77
2017	6	24	2670.565
2017	6	25	2617.19
2017	6	26	2495.77
2017	6	27	2442.72
2017	6	28	2544.2
2017	6	29	2549.6549999999997
2017	6	30	2518.84
2017	7	1	2467.25
2017	7	2	2454.5600000000004
2017	7	3	2537.7349999999997
2017	7	4	2595.4700000000003
2017	7	5	2580.6000000000004
2017	7	6	2599.205
2017	7	7	2707.505
2017	7	8	2531.825
2017	7	9	2576.54
2017	7	10	2429.145
2017	7	11	2355.14
2017	7	12	2349.425
2017	7	13	2383.0249999999996
2017	7	14	2273.2349999999997
2017	7	15	2110.775
2017	7	16	1950.9
2017	7	17	2081.555
2017	7	18	2276.19
2017	7	19	2328.7
2017	7	20	2585.295
2017	7	21	2730.13
2017	7	22	2760.065
2017	7	23	2743.06
2017	7	24	2738.2250000000004
2017	7	25	2624.52
2017	7	26	2530.78
2017	7	27	2611.33
2017	7	28	2788.59
2017	7	29	2750.78
2017	7	30	2701.69
2017	7	31	2805.115
2017	8	1	2803.48
2017	8	2	2715.5600000000004
2017	8	3	2749.225
2017	8	4	2821.5249999999996
2017	8	5	3082.42
2017	8	6	3224.4449999999997
2017	8	7	3289.285
2017	8	8	3415.34
2017	8	9	3335.215
2017	8	10	3386.46
2017	8	11	3525.92
2017	8	12	3781.81
2017	8	13	4033.0950000000003
2017	8	14	4157.145
2017	8	15	4181.075
2017	8	16	4187.825
2017	8	17	4364.205
2017	8	18	4192.765
2017	8	19	4106.905000000001
2017	8	20	4133.085
2017	8	21	4048.87
2017	8	22	3901.67
2017	8	23	4167.094999999999
2017	8	24	4253.325000000001
2017	8	25	4381.525
2017	8	26	4324.4
2017	8	27	4366.9400000000005
2017	8	28	4314.285
2017	8	29	4488.905000000001
2017	8	30	4548.965
2017	8	31	4642.725
2017	9	1	4785.27
2017	9	2	4722.139999999999
2017	9	3	4565.835
2017	9	4	4350.014999999999
2017	9	5	4212.975
2017	9	6	4496.92
2017	9	7	4573.1849999999995
2017	9	8	4368.09
2017	9	9	4211.465
2017	9	10	4098.24
2017	9	11	4180.535
2017	9	12	4214.9349999999995
2017	9	13	3960.95
2017	9	14	3537.23
2017	9	15	3340.035
2017	9	16	3648.315
2017	9	17	3555.225
2017	9	18	3835.16
2017	9	19	3981.4700000000003
2017	9	20	3944.56
2017	9	21	3765.025
2017	9	22	3655.9
2017	9	23	3706.895
2017	9	24	3731.525
2017	9	25	3815.915
2017	9	26	3919.895
2017	9	27	4047.4350000000004
2017	9	28	4194.505
2017	9	29	4126.96
2017	9	30	4259.645
2017	10	1	4336.775
2017	10	2	4423.844999999999
2017	10	3	4345.68
2017	10	4	4281.365
2017	10	5	4263.345
2017	10	6	4366.9
2017	10	7	4382.465
2017	10	8	4514.89
2017	10	9	4721.48
2017	10	10	4843.635
2017	10	11	4812.68
2017	10	12	5134.455
2017	10	13	5638.575000000001
2017	10	14	5714.67
2017	10	15	5665.545
2017	10	16	5660.219999999999
2017	10	17	5636.535
2017	10	18	5377.629999999999
2017	10	19	5637.705
2017	10	20	5843.67
2017	10	21	6079.975
2017	10	22	5934.3
2017	10	23	5904.030000000001
2017	10	24	5719.85
2017	10	25	5576.105
2017	10	26	5849.01
2017	10	27	5858.605
2017	10	28	5782.955
2017	10	29	5990.145
2017	10	30	6127.92
2017	10	31	6286.88
2017	11	1	6572.595
2017	11	2	7063.025
2017	11	3	7232.115
2017	11	4	7262.07
2017	11	5	7475.334999999999
2017	11	6	7226.540000000001
2017	11	7	7138.21
2017	11	8	7445.22
2017	11	9	7274.175
2017	11	10	6874.4349999999995
2017	11	11	6538.6849999999995
2017	11	12	6072.030000000001
2017	11	13	6327.74
2017	11	14	6613.365
2017	11	15	6988.505
2017	11	16	7571.98
2017	11	17	7782.84
2017	11	18	7674.215
2017	11	19	7898.005
2017	11	20	8143.110000000001
2017	11	21	8055.6849999999995
2017	11	22	8188.865
2017	11	23	8153.085
2017	11	24	8157.545
2017	11	25	8491.035
2017	11	26	9149.26
2017	11	27	9585.535
2017	11	28	9931.0
2017	11	29	10559.215
2017	11	30	10001.525
2017	12	1	10370.675
2017	12	2	11112.650000000001
2017	12	3	11360.35
2017	12	4	11369.5
2017	12	5	11818.3
2017	12	6	13146.25
2017	12	7	15978.5
2017	12	8	16345.150000000001
2017	12	9	15228.95
2017	12	10	14538.6
2017	12	11	16459.35
2017	12	12	17176.699999999997
2017	12	13	16846.4
2017	12	14	16635.85
2017	12	15	17377.699999999997
2017	12	16	18616.0
2017	12	17	19531.55
2017	12	18	18863.45
2017	12	19	18226.6
2017	12	20	17006.2
2017	12	21	16455.2
2017	12	22	13888.2
2017	12	23	14716.0
2017	12	24	13686.85
2017	12	25	14020.95
2017	12	26	15245.05
2017	12	27	16022.6
2017	12	28	14912.849999999999
2017	12	29	14793.0
2017	12	30	13516.0
2017	12	31	13566.5
2018	1	1	13633.45
2018	1	2	14304.1
2018	1	3	15208.65
2018	1	4	15130.95
2018	1	5	16454.0
2018	1	6	17238.5
2018	1	7	16833.65
2018	1	8	15373.050000000001
2018	1	9	14960.75
2018	1	10	14332.25
2018	1	11	14062.349999999999
2018	1	12	13694.0
2018	1	13	14305.95
2018	1	14	13889.9
2018	1	15	14043.6
2018	1	16	12019.0
2018	1	17	10540.145
2018	1	18	11524.9
2018	1	19	11582.45
2018	1	20	12379.6
2018	1	21	12092.05
2018	1	22	11103.3
2018	1	23	10753.650000000001
2018	1	24	11070.599999999999
2018	1	25	11421.55
2018	1	26	11063.5
2018	1	27	11302.05
2018	1	28	11757.8
2018	1	29	11527.400000000001
2018	1	30	10671.7
2018	1	31	10079.51
2018	2	1	9550.54
2018	2	2	8469.385
2018	2	3	8841.189999999999
2018	2	4	8683.045
2018	2	5	7560.76
2018	2	6	6949.48
2018	2	7	7872.950000000001
2018	2	8	8098.3150000000005
2018	2	9	8310.845
2018	2	10	8709.009999999998
2018	2	11	8273.615
2018	2	12	8563.675
2018	2	13	8706.939999999999
2018	2	14	9059.23
2018	2	15	9815.189999999999
2018	2	16	10074.46
2018	2	17	10644.45
2018	2	18	10837.9
2018	2	19	10893.5
2018	2	20	11595.15
2018	2	21	10948.8
2018	2	22	10489.095000000001
2018	2	23	10110.93
2018	2	24	10072.085
2018	2	25	9665.14
2018	2	26	9988.365
2018	2	27	10562.3
2018	2	28	10741.45
2018	3	1	10702.5
2018	3	2	11019.55
2018	3	3	11265.3
2018	3	4	11324.35
2018	3	5	11574.0
2018	3	6	11097.2
2018	3	7	10310.810000000001
2018	3	8	9741.635
2018	3	9	8989.69
2018	3	10	9179.895
2018	3	11	9159.505000000001
2018	3	12	9446.965
2018	3	13	9214.285
2018	3	14	8712.220000000001
2018	3	15	8105.700000000001
2018	3	16	8295.23
2018	3	17	8079.675
2018	3	18	7821.75
2018	3	19	8429.135
2018	3	20	8720.455
2018	3	21	9011.85
2018	3	22	8832.805
2018	3	23	8620.12
2018	3	24	8830.94
2018	3	25	8565.555
2018	3	26	8225.755000000001
2018	3	27	8015.030000000001
2018	3	28	7966.030000000001
2018	3	29	7537.855
2018	3	30	6980.295
2018	3	31	7035.685
2018	4	1	6793.91
2018	4	2	6976.025
2018	4	3	7301.715
2018	4	4	7136.88
2018	4	5	6789.3099999999995
2018	4	6	6716.245
2018	4	7	6840.525
2018	4	8	7015.77
2018	4	9	6920.049999999999
2018	4	10	6788.28
2018	4	11	6892.955
2018	4	12	7352.87
2018	4	13	7971.445
2018	4	14	7993.355
2018	4	15	8168.875
2018	4	16	8148.44
2018	4	17	8083.84
2018	4	18	8041.905
2018	4	19	8218.735
2018	4	20	8562.385
2018	4	21	8824.86
2018	4	22	8890.625
2018	4	23	8873.68
2018	4	24	9330.220000000001
2018	4	25	9272.58
2018	4	26	9004.3
