Date	Avg
Apr 28, 2013	134.04
Apr 29, 2013	140.745
Apr 30, 2013	140.49
May 01, 2013	123.80499999999999
May 02, 2013	108.94
May 03, 2013	93.615
May 04, 2013	103.75
May 05, 2013	112.97
May 06, 2013	115.65
May 07, 2013	105.57
May 08, 2013	112.69
May 09, 2013	111.36
May 10, 2013	116.775
May 11, 2013	115.845
May 12, 2013	115.445
May 13, 2013	116.6
May 14, 2013	115.025
May 15, 2013	109.655
May 16, 2013	115.48
May 17, 2013	120.935
May 18, 2013	123.775
May 19, 2013	122.035
May 20, 2013	121.87
May 21, 2013	122.10499999999999
May 22, 2013	123.0
May 23, 2013	125.015
May 24, 2013	129.785
May 25, 2013	131.06
May 26, 2013	133.31
May 27, 2013	130.085
May 28, 2013	128.09
May 29, 2013	130.125
May 30, 2013	129.625
May 31, 2013	128.15
Jun 01, 2013	128.49
Jun 02, 2013	122.225
Jun 03, 2013	119.25
Jun 04, 2013	121.47
Jun 05, 2013	121.685
Jun 06, 2013	120.175
Jun 07, 2013	112.71000000000001
Jun 08, 2013	109.36
Jun 09, 2013	98.745
Jun 10, 2013	102.55
Jun 11, 2013	106.8
Jun 12, 2013	109.26
Jun 13, 2013	105.41499999999999
Jun 14, 2013	101.35
Jun 15, 2013	100.85
Jun 16, 2013	100.275
Jun 17, 2013	100.60499999999999
Jun 18, 2013	106.07
Jun 19, 2013	107.995
Jun 20, 2013	110.9
Jun 21, 2013	111.34
Jun 22, 2013	108.735
Jun 23, 2013	107.515
Jun 24, 2013	104.655
Jun 25, 2013	103.74000000000001
Jun 26, 2013	104.14
Jun 27, 2013	102.55
Jun 28, 2013	97.035
Jun 29, 2013	96.495
Jun 30, 2013	96.17
Jul 01, 2013	91.97999999999999
Jul 02, 2013	89.905
Jul 03, 2013	83.98
Jul 04, 2013	77.555
Jul 05, 2013	72.765
Jul 06, 2013	70.91
Jul 07, 2013	70.59
Jul 08, 2013	76.3
Jul 09, 2013	75.41
Jul 10, 2013	81.6
Jul 11, 2013	87.68
Jul 12, 2013	96.08500000000001
Jul 13, 2013	93.155
Jul 14, 2013	95.78
Jul 15, 2013	97.505
Jul 16, 2013	98.0
Jul 17, 2013	98.075
Jul 18, 2013	92.5
Jul 19, 2013	91.5
Jul 20, 2013	91.185
Jul 21, 2013	89.975
Jul 22, 2013	91.03999999999999
Jul 23, 2013	94.21
Jul 24, 2013	94.495
Jul 25, 2013	95.6
Jul 26, 2013	96.735
Jul 27, 2013	95.0
Jul 28, 2013	97.28999999999999
Jul 29, 2013	100.47999999999999
Jul 30, 2013	104.22999999999999
Jul 31, 2013	107.61
Aug 01, 2013	105.505
Aug 02, 2013	104.60499999999999
Aug 03, 2013	103.89
Aug 04, 2013	104.735
Aug 05, 2013	106.38499999999999
Aug 06, 2013	106.47
Aug 07, 2013	106.75
Aug 08, 2013	104.005
Aug 09, 2013	103.845
Aug 10, 2013	103.155
Aug 11, 2013	103.975
Aug 12, 2013	105.75
Aug 13, 2013	107.0
Aug 14, 2013	111.5
Aug 15, 2013	111.125
Aug 16, 2013	110.41
Aug 17, 2013	110.99000000000001
Aug 18, 2013	113.345
Aug 19, 2013	117.41499999999999
Aug 20, 2013	120.26
Aug 21, 2013	122.295
Aug 22, 2013	122.05
Aug 23, 2013	120.22
Aug 24, 2013	119.705
Aug 25, 2013	121.08
Aug 26, 2013	121.345
Aug 27, 2013	123.655
Aug 28, 2013	124.97
Aug 29, 2013	122.955
Aug 30, 2013	128.37
Aug 31, 2013	136.805
Sep 01, 2013	140.31
Sep 02, 2013	140.695
Sep 03, 2013	135.67000000000002
Sep 04, 2013	134.055
Sep 05, 2013	126.63499999999999
Sep 06, 2013	123.245
Sep 07, 2013	122.19999999999999
Sep 08, 2013	122.60499999999999
Sep 09, 2013	124.405
Sep 10, 2013	127.82000000000001
Sep 11, 2013	130.55
Sep 12, 2013	133.945
Sep 13, 2013	134.925
Sep 14, 2013	132.36
Sep 15, 2013	129.85
Sep 16, 2013	131.245
Sep 17, 2013	128.825
Sep 18, 2013	131.87
Sep 19, 2013	130.11
Sep 20, 2013	131.15
Sep 21, 2013	127.42500000000001
Sep 22, 2013	130.265
Sep 23, 2013	129.195
Sep 24, 2013	126.425
Sep 25, 2013	128.51
Sep 26, 2013	131.125
Sep 27, 2013	131.615
Sep 28, 2013	134.095
Sep 29, 2013	137.66000000000003
Sep 30, 2013	134.31
Oct 01, 2013	133.09
Oct 02, 2013	117.92
Oct 03, 2013	117.725
Oct 04, 2013	126.75
Oct 05, 2013	129.235
Oct 06, 2013	127.905
Oct 07, 2013	128.315
Oct 08, 2013	126.09
Oct 09, 2013	128.665
Oct 10, 2013	130.38
Oct 11, 2013	130.725
Oct 12, 2013	133.11
Oct 13, 2013	136.60500000000002
Oct 14, 2013	141.51
Oct 15, 2013	142.26
Oct 16, 2013	147.32999999999998
Oct 17, 2013	144.915
Oct 18, 2013	150.765
Oct 19, 2013	166.58999999999997
Oct 20, 2013	171.93
Oct 21, 2013	179.81
Oct 22, 2013	189.46
Oct 23, 2013	203.0
Oct 24, 2013	192.97
Oct 25, 2013	183.685
Oct 26, 2013	182.07999999999998
Oct 27, 2013	186.51999999999998
Oct 28, 2013	195.34
Oct 29, 2013	201.67000000000002
Oct 30, 2013	204.565
Oct 31, 2013	202.015
Nov 01, 2013	204.39
Nov 02, 2013	204.70499999999998
Nov 03, 2013	209.52
Nov 04, 2013	222.475
Nov 05, 2013	238.44
Nov 06, 2013	253.89
Nov 07, 2013	282.86
Nov 08, 2013	317.795
Nov 09, 2013	345.265
Nov 10, 2013	313.97
Nov 11, 2013	331.525
Nov 12, 2013	352.805
Nov 13, 2013	386.925
Nov 14, 2013	410.54499999999996
Nov 15, 2013	417.0
Nov 16, 2013	432.91499999999996
Nov 17, 2013	470.40999999999997
Nov 18, 2013	599.36
Nov 19, 2013	631.25
Nov 20, 2013	524.05
Nov 21, 2013	655.345
Nov 22, 2013	724.49
Nov 23, 2013	808.335
Nov 24, 2013	765.115
Nov 25, 2013	782.555
Nov 26, 2013	864.67
Nov 27, 2013	984.6199999999999
Nov 28, 2013	1019.865
Nov 29, 2013	1073.805
Nov 30, 2013	1131.375
Dec 01, 2013	967.45
Dec 02, 2013	996.915
Dec 03, 2013	1053.605
Dec 04, 2013	1113.1399999999999
Dec 05, 2013	1025.735
Dec 06, 2013	935.9150000000001
Dec 07, 2013	747.4300000000001
Dec 08, 2013	736.6949999999999
Dec 09, 2013	851.415
Dec 10, 2013	944.7750000000001
Dec 11, 2013	917.905
Dec 12, 2013	873.445
Dec 13, 2013	900.92
Dec 14, 2013	881.505
Dec 15, 2013	855.5799999999999
Dec 16, 2013	775.25
Dec 17, 2013	692.855
Dec 18, 2013	549.915
Dec 19, 2013	605.06
Dec 20, 2013	662.245
Dec 21, 2013	616.72
Dec 22, 2013	626.19
Dec 23, 2013	645.9749999999999
Dec 24, 2013	665.05
Dec 25, 2013	666.09
Dec 26, 2013	730.845
Dec 27, 2013	745.5550000000001
Dec 28, 2013	726.2049999999999
Dec 29, 2013	731.5250000000001
Dec 30, 2013	753.4200000000001
Dec 31, 2013	749.375
Jan 01, 2014	765.1600000000001
Jan 02, 2014	793.76
Jan 03, 2014	811.635
Jan 04, 2014	830.5899999999999
Jan 05, 2014	903.46
Jan 06, 2014	961.415
Jan 07, 2014	883.87
Jan 08, 2014	823.43
Jan 09, 2014	834.25
Jan 10, 2014	846.895
Jan 11, 2014	891.6
Jan 12, 2014	889.845
Jan 13, 2014	833.67
Jan 14, 2014	840.675
Jan 15, 2014	851.835
Jan 16, 2014	850.895
Jan 17, 2014	820.27
Jan 18, 2014	828.78
Jan 19, 2014	848.245
Jan 20, 2014	870.13
Jan 21, 2014	868.565
Jan 22, 2014	853.755
Jan 23, 2014	835.445
Jan 24, 2014	803.005
Jan 25, 2014	827.205
Jan 26, 2014	870.94
Jan 27, 2014	825.0550000000001
Jan 28, 2014	799.74
Jan 29, 2014	823.36
Jan 30, 2014	814.78
Jan 31, 2014	822.235
Feb 01, 2014	840.315
Feb 02, 2014	832.6949999999999
Feb 03, 2014	816.85
Feb 04, 2014	830.5550000000001
Feb 05, 2014	824.615
Feb 06, 2014	795.2
Feb 07, 2014	718.7750000000001
Feb 08, 2014	691.845
Feb 09, 2014	683.76
Feb 10, 2014	627.105
Feb 11, 2014	674.56
Feb 12, 2014	657.97
Feb 13, 2014	629.95
Feb 14, 2014	616.38
Feb 15, 2014	647.34
Feb 16, 2014	624.635
Feb 17, 2014	632.13
Feb 18, 2014	629.15
Feb 19, 2014	625.235
Feb 20, 2014	591.935
Feb 21, 2014	556.715
Feb 22, 2014	586.53
Feb 23, 2014	619.8050000000001
Feb 24, 2014	573.155
Feb 25, 2014	480.895
Feb 26, 2014	568.19
Feb 27, 2014	580.335
Feb 28, 2014	564.655
Mar 01, 2014	556.335
Mar 02, 2014	561.875
Mar 03, 2014	631.7149999999999
Mar 04, 2014	675.95
Mar 05, 2014	660.28
Mar 06, 2014	659.78
Mar 07, 2014	640.845
Mar 08, 2014	619.8
Mar 09, 2014	628.1500000000001
Mar 10, 2014	629.89
Mar 11, 2014	628.63
Mar 12, 2014	638.77
Mar 13, 2014	637.5250000000001
Mar 14, 2014	633.37
Mar 15, 2014	633.22
Mar 16, 2014	632.815
Mar 17, 2014	624.77
Mar 18, 2014	613.095
Mar 19, 2014	615.55
Mar 20, 2014	598.62
Mar 21, 2014	583.2
Mar 22, 2014	563.47
Mar 23, 2014	565.56
Mar 24, 2014	569.165
Mar 25, 2014	579.0250000000001
Mar 26, 2014	580.495
Mar 27, 2014	525.9
Mar 28, 2014	499.625
Mar 29, 2014	497.295
Mar 30, 2014	468.275
Mar 31, 2014	463.195
Apr 01, 2014	476.16999999999996
Apr 02, 2014	463.15999999999997
Apr 03, 2014	432.23
Apr 04, 2014	441.87
Apr 05, 2014	453.885
Apr 06, 2014	459.645
Apr 07, 2014	453.84000000000003
Apr 08, 2014	451.765
Apr 09, 2014	448.83000000000004
Apr 10, 2014	401.05
Apr 11, 2014	390.52
Apr 12, 2014	427.70000000000005
Apr 13, 2014	411.325
Apr 14, 2014	438.56
Apr 15, 2014	486.27
Apr 16, 2014	522.5799999999999
Apr 17, 2014	509.195
Apr 18, 2014	485.67
Apr 19, 2014	487.06
Apr 20, 2014	500.855
Apr 21, 2014	501.885
Apr 22, 2014	495.4
Apr 23, 2014	489.53499999999997
Apr 24, 2014	491.71000000000004
Apr 25, 2014	471.625
Apr 26, 2014	456.82000000000005
Apr 27, 2014	447.86
Apr 28, 2014	435.235
Apr 29, 2014	443.40999999999997
Apr 30, 2014	443.9
May 01, 2014	454.12
May 02, 2014	450.66499999999996
May 03, 2014	440.03999999999996
May 04, 2014	434.90999999999997
May 05, 2014	434.295
May 06, 2014	435.645
May 07, 2014	437.28999999999996
May 08, 2014	443.27
May 09, 2014	446.41499999999996
May 10, 2014	452.12
May 11, 2014	444.37
May 12, 2014	438.245
May 13, 2014	439.475
May 14, 2014	443.58000000000004
May 15, 2014	446.71500000000003
May 16, 2014	447.81
May 17, 2014	449.64
May 18, 2014	447.275
May 19, 2014	445.33000000000004
May 20, 2014	468.725
May 21, 2014	488.93
May 22, 2014	507.775
May 23, 2014	531.02
May 24, 2014	520.7249999999999
May 25, 2014	550.855
May 26, 2014	576.86
May 27, 2014	571.9749999999999
May 28, 2014	571.355
May 29, 2014	569.35
May 30, 2014	593.31
May 31, 2014	614.595
Jun 01, 2014	645.71
Jun 02, 2014	642.125
Jun 03, 2014	662.4449999999999
Jun 04, 2014	646.325
Jun 05, 2014	651.81
Jun 06, 2014	656.835
Jun 07, 2014	650.925
Jun 08, 2014	656.175
Jun 09, 2014	651.0450000000001
Jun 10, 2014	653.0899999999999
Jun 11, 2014	644.795
Jun 12, 2014	605.69
Jun 13, 2014	600.4200000000001
Jun 14, 2014	575.5450000000001
Jun 15, 2014	573.915
Jun 16, 2014	597.895
Jun 17, 2014	600.645
Jun 18, 2014	610.14
Jun 19, 2014	604.63
Jun 20, 2014	593.755
Jun 21, 2014	593.6
Jun 22, 2014	600.315
Jun 23, 2014	594.7750000000001
Jun 24, 2014	589.665
Jun 25, 2014	574.615
Jun 26, 2014	573.1800000000001
Jun 27, 2014	590.005
Jun 28, 2014	600.1949999999999
Jun 29, 2014	600.12
Jun 30, 2014	622.52
Jul 01, 2014	648.985
Jul 02, 2014	647.51
Jul 03, 2014	646.035
Jul 04, 2014	638.915
Jul 05, 2014	630.61
Jul 06, 2014	634.905
Jul 07, 2014	627.085
Jul 08, 2014	623.8050000000001
Jul 09, 2014	624.8
Jul 10, 2014	619.235
Jul 11, 2014	623.9300000000001
Jul 12, 2014	631.8199999999999
Jul 13, 2014	629.8199999999999
Jul 14, 2014	622.33
Jul 15, 2014	622.39
Jul 16, 2014	619.21
Jul 17, 2014	617.345
Jul 18, 2014	624.84
Jul 19, 2014	626.885
Jul 20, 2014	625.67
Jul 21, 2014	621.6
Jul 22, 2014	622.63
Jul 23, 2014	621.3599999999999
Jul 24, 2014	608.0
Jul 25, 2014	602.1500000000001
Jul 26, 2014	598.0250000000001
Jul 27, 2014	596.185
Jul 28, 2014	584.8800000000001
Jul 29, 2014	585.0450000000001
Jul 30, 2014	575.01
Jul 31, 2014	575.375
Aug 01, 2014	590.775
Aug 02, 2014	590.535
Aug 03, 2014	585.4
Aug 04, 2014	587.845
Aug 05, 2014	586.985
Aug 06, 2014	585.2950000000001
Aug 07, 2014	587.575
Aug 08, 2014	593.4549999999999
Aug 09, 2014	590.05
Aug 10, 2014	591.2
Aug 11, 2014	582.78
Aug 12, 2014	571.7750000000001
Aug 13, 2014	552.8499999999999
Aug 14, 2014	522.485
Aug 15, 2014	503.05499999999995
Aug 16, 2014	504.61
Aug 17, 2014	501.91
Aug 18, 2014	471.61
Aug 19, 2014	470.625
Aug 20, 2014	492.9
Aug 21, 2014	521.175
Aug 22, 2014	511.38
Aug 23, 2014	503.205
Aug 24, 2014	505.12
Aug 25, 2014	503.725
Aug 26, 2014	507.615
Aug 27, 2014	515.815
Aug 28, 2014	511.52
Aug 29, 2014	507.76
Aug 30, 2014	505.475
Aug 31, 2014	489.845
Sep 01, 2014	478.61
Sep 02, 2014	477.655
Sep 03, 2014	478.96
Sep 04, 2014	485.51
Sep 05, 2014	486.125
Sep 06, 2014	485.8
Sep 07, 2014	485.17499999999995
Sep 08, 2014	479.31
Sep 09, 2014	472.58
Sep 10, 2014	481.31
Sep 11, 2014	478.48
Sep 12, 2014	476.32
Sep 13, 2014	478.61
Sep 14, 2014	477.985
Sep 15, 2014	476.32
Sep 16, 2014	470.385
Sep 17, 2014	460.295
Sep 18, 2014	434.98
Sep 19, 2014	406.18499999999995
Sep 20, 2014	406.59000000000003
Sep 21, 2014	402.805
Sep 22, 2014	402.025
Sep 23, 2014	418.88
Sep 24, 2014	428.62
Sep 25, 2014	416.495
Sep 26, 2014	407.475
Sep 27, 2014	401.995
Sep 28, 2014	387.67499999999995
Sep 29, 2014	378.725
Sep 30, 2014	382.21000000000004
Oct 01, 2014	386.08
Oct 02, 2014	379.225
Oct 03, 2014	367.78
Oct 04, 2014	345.19
Oct 05, 2014	315.55
Oct 06, 2014	323.845
Oct 07, 2014	329.865
Oct 08, 2014	340.775
Oct 09, 2014	365.21000000000004
Oct 10, 2014	364.015
Oct 11, 2014	361.57
Oct 12, 2014	367.78499999999997
Oct 13, 2014	383.065
Oct 14, 2014	401.51
Oct 15, 2014	395.5
Oct 16, 2014	385.94
Oct 17, 2014	380.435
Oct 18, 2014	387.06500000000005
Oct 19, 2014	390.2
Oct 20, 2014	384.16499999999996
Oct 21, 2014	386.74
Oct 22, 2014	385.41499999999996
Oct 23, 2014	370.75
Oct 24, 2014	358.83000000000004
Oct 25, 2014	351.37
Oct 26, 2014	351.57500000000005
Oct 27, 2014	354.22
Oct 28, 2014	356.33000000000004
Oct 29, 2014	346.585
Oct 30, 2014	342.99
Oct 31, 2014	342.595
Nov 01, 2014	330.79499999999996
Nov 02, 2014	324.84000000000003
Nov 03, 2014	329.74
Nov 04, 2014	328.42499999999995
Nov 05, 2014	337.025
Nov 06, 2014	345.69500000000005
Nov 07, 2014	347.255
Nov 08, 2014	344.59
Nov 09, 2014	353.945
Nov 10, 2014	366.19
Nov 11, 2014	367.525
Nov 12, 2014	398.855
Nov 13, 2014	429.105
Nov 14, 2014	402.02
Nov 15, 2014	388.27
Nov 16, 2014	382.70000000000005
Nov 17, 2014	393.85
Nov 18, 2014	381.76
Nov 19, 2014	380.19
Nov 20, 2014	369.405
Nov 21, 2014	350.995
Nov 22, 2014	357.86
Nov 23, 2014	362.015
Nov 24, 2014	376.94
Nov 25, 2014	384.74
Nov 26, 2014	371.76
Nov 27, 2014	371.135
Nov 28, 2014	370.65
Nov 29, 2014	379.875
Nov 30, 2014	377.91999999999996
Dec 01, 2014	380.165
Dec 02, 2014	380.95000000000005
Dec 03, 2014	378.69
Dec 04, 2014	373.21000000000004
Dec 05, 2014	372.475
Dec 06, 2014	374.7
Dec 07, 2014	374.78499999999997
Dec 08, 2014	368.96
Dec 09, 2014	354.01
Dec 10, 2014	349.375
Dec 11, 2014	350.06
Dec 12, 2014	351.135
Dec 13, 2014	349.485
Dec 14, 2014	349.37
Dec 15, 2014	348.375
Dec 16, 2014	336.46000000000004
Dec 17, 2014	324.54999999999995
Dec 18, 2014	313.97
Dec 19, 2014	312.65
Dec 20, 2014	323.185
Dec 21, 2014	324.265
Dec 22, 2014	327.275
Dec 23, 2014	332.94500000000005
Dec 24, 2014	328.05
Dec 25, 2014	319.815
Dec 26, 2014	324.025
Dec 27, 2014	320.77
Dec 28, 2014	315.55499999999995
Dec 29, 2014	316.28999999999996
Dec 30, 2014	312.09000000000003
Dec 31, 2014	315.2
Jan 01, 2015	317.22
Jan 02, 2015	314.705
Jan 03, 2015	298.115
Jan 04, 2015	272.42
Jan 05, 2015	271.71
Jan 06, 2015	280.125
Jan 07, 2015	290.91499999999996
Jan 08, 2015	288.15999999999997
Jan 09, 2015	285.82
Jan 10, 2015	281.05
Jan 11, 2015	272.34000000000003
Jan 12, 2015	268.7
Jan 13, 2015	244.09499999999997
Jan 14, 2015	197.7
Jan 15, 2015	202.985
Jan 16, 2015	210.68
Jan 17, 2015	203.305
Jan 18, 2015	206.605
Jan 19, 2015	212.02499999999998
Jan 20, 2015	210.195
Jan 21, 2015	219.5
Jan 22, 2015	231.72500000000002
Jan 23, 2015	230.02499999999998
Jan 24, 2015	239.115
Jan 25, 2015	249.48
Jan 26, 2015	281.73
Jan 27, 2015	263.065
Jan 28, 2015	246.79500000000002
Jan 29, 2015	229.71
Jan 30, 2015	234.345
Jan 31, 2015	224.905
Feb 01, 2015	221.79500000000002
Feb 02, 2015	232.42000000000002
Feb 03, 2015	235.22
Feb 04, 2015	225.585
Feb 05, 2015	227.07
Feb 06, 2015	223.37
Feb 07, 2015	226.455
Feb 08, 2015	225.26
Feb 09, 2015	220.5
Feb 10, 2015	218.57
Feb 11, 2015	220.74
Feb 12, 2015	219.905
Feb 13, 2015	230.76
Feb 14, 2015	247.67000000000002
Feb 15, 2015	246.645
Feb 16, 2015	234.27
Feb 17, 2015	239.04500000000002
Feb 18, 2015	238.29500000000002
Feb 19, 2015	239.13
Feb 20, 2015	243.2
Feb 21, 2015	249.25
Feb 22, 2015	240.12
Feb 23, 2015	236.265
Feb 24, 2015	238.15
Feb 25, 2015	237.435
Feb 26, 2015	235.985
Feb 27, 2015	246.545
Feb 28, 2015	252.08499999999998
Mar 01, 2015	253.79500000000002
Mar 02, 2015	267.305
Mar 03, 2015	276.98
Mar 04, 2015	276.18
Mar 05, 2015	273.22
Mar 06, 2015	273.815
Mar 07, 2015	273.99
Mar 08, 2015	275.21500000000003
Mar 09, 2015	283.29499999999996
Mar 10, 2015	294.89
Mar 11, 2015	293.95
Mar 12, 2015	294.75
Mar 13, 2015	289.91999999999996
Mar 14, 2015	283.65999999999997
Mar 15, 2015	283.765
Mar 16, 2015	289.9
Mar 17, 2015	288.37
Mar 18, 2015	267.605
Mar 19, 2015	256.44
Mar 20, 2015	262.005
Mar 21, 2015	258.925
Mar 22, 2015	264.66999999999996
Mar 23, 2015	269.525
Mar 24, 2015	255.57999999999998
Mar 25, 2015	242.85500000000002
Mar 26, 2015	249.63
Mar 27, 2015	251.01
Mar 28, 2015	250.595
Mar 29, 2015	246.995
Mar 30, 2015	244.22500000000002
Mar 31, 2015	245.735
Apr 01, 2015	244.35
Apr 02, 2015	249.94
Apr 03, 2015	253.96
Apr 04, 2015	253.18
Apr 05, 2015	256.31
Apr 06, 2015	258.19
Apr 07, 2015	254.01
Apr 08, 2015	249.035
Apr 09, 2015	242.76
Apr 10, 2015	238.23000000000002
Apr 11, 2015	236.86
Apr 12, 2015	235.615
Apr 13, 2015	229.47
Apr 14, 2015	220.64999999999998
Apr 15, 2015	221.24
Apr 16, 2015	226.795
Apr 17, 2015	225.425
Apr 18, 2015	222.6
Apr 19, 2015	224.36
Apr 20, 2015	224.165
Apr 21, 2015	229.78500000000003
Apr 22, 2015	235.695
Apr 23, 2015	234.83999999999997
Apr 24, 2015	233.12
Apr 25, 2015	229.45
Apr 26, 2015	220.905
Apr 27, 2015	225.66500000000002
Apr 28, 2015	226.285
Apr 29, 2015	225.235
Apr 30, 2015	232.275
May 01, 2015	235.525
May 02, 2015	234.035
May 03, 2015	238.66000000000003
May 04, 2015	240.225
May 05, 2015	235.625
May 06, 2015	232.83999999999997
May 07, 2015	233.84
May 08, 2015	241.275
May 09, 2015	243.72
May 10, 2015	241.45999999999998
May 11, 2015	241.825
May 12, 2015	241.49
May 13, 2015	239.375
May 14, 2015	235.93
May 15, 2015	237.775
May 16, 2015	236.5
May 17, 2015	237.01999999999998
May 18, 2015	234.835
May 19, 2015	232.985
May 20, 2015	233.26
May 21, 2015	235.04000000000002
May 22, 2015	238.015
May 23, 2015	239.86
May 24, 2015	240.39499999999998
May 25, 2015	238.82999999999998
May 26, 2015	236.965
May 27, 2015	237.67
May 28, 2015	237.235
May 29, 2015	236.625
May 30, 2015	234.57
May 31, 2015	231.39499999999998
Jun 01, 2015	226.505
Jun 02, 2015	224.42
Jun 03, 2015	225.66500000000002
Jun 04, 2015	225.315
Jun 05, 2015	224.575
Jun 06, 2015	225.05
Jun 07, 2015	224.42000000000002
Jun 08, 2015	226.15
Jun 09, 2015	229.44
Jun 10, 2015	228.89499999999998
Jun 11, 2015	229.53
Jun 12, 2015	230.185
Jun 13, 2015	230.93
Jun 14, 2015	233.43
Jun 15, 2015	235.63
Jun 16, 2015	243.93
Jun 17, 2015	251.66500000000002
Jun 18, 2015	248.12
Jun 19, 2015	247.385
Jun 20, 2015	243.23000000000002
Jun 21, 2015	243.55
Jun 22, 2015	245.85
Jun 23, 2015	245.215
Jun 24, 2015	242.43
Jun 25, 2015	241.85000000000002
Jun 26, 2015	242.65
Jun 27, 2015	247.23000000000002
Jun 28, 2015	249.3
Jun 29, 2015	252.875
Jun 30, 2015	261.90999999999997
Jul 01, 2015	260.47
Jul 02, 2015	257.875
Jul 03, 2015	255.295
Jul 04, 2015	257.83
Jul 05, 2015	266.605
Jul 06, 2015	272.51
Jul 07, 2015	268.085
Jul 08, 2015	268.68
Jul 09, 2015	269.715
Jul 10, 2015	281.695
Jul 11, 2015	291.02
Jul 12, 2015	303.45
Jul 13, 2015	295.98
Jul 14, 2015	291.395
Jul 15, 2015	289.31
Jul 16, 2015	283.21000000000004
Jul 17, 2015	276.15999999999997
Jul 18, 2015	278.30499999999995
Jul 19, 2015	274.09000000000003
Jul 20, 2015	275.97
Jul 21, 2015	277.985
Jul 22, 2015	276.025
Jul 23, 2015	276.915
Jul 24, 2015	282.25
Jul 25, 2015	288.365
Jul 26, 2015	290.38
Jul 27, 2015	292.61
Jul 28, 2015	295.03499999999997
Jul 29, 2015	291.65999999999997
Jul 30, 2015	288.35
Jul 31, 2015	285.65
Aug 01, 2015	281.52
Aug 02, 2015	280.28
Aug 03, 2015	282.85
Aug 04, 2015	283.475
Aug 05, 2015	283.495
Aug 06, 2015	280.155
Aug 07, 2015	278.38
Aug 08, 2015	270.32
Aug 09, 2015	263.735
Aug 10, 2015	264.815
Aug 11, 2015	267.24
Aug 12, 2015	268.07000000000005
Aug 13, 2015	264.53499999999997
Aug 14, 2015	264.475
Aug 15, 2015	263.985
Aug 16, 2015	259.74
Aug 17, 2015	258.815
Aug 18, 2015	234.53500000000003
Aug 19, 2015	230.09
Aug 20, 2015	232.135
Aug 21, 2015	234.075
Aug 22, 2015	228.82999999999998
Aug 23, 2015	229.145
Aug 24, 2015	219.29
Aug 25, 2015	212.945
Aug 26, 2015	225.69
Aug 27, 2015	226.16
Aug 28, 2015	228.075
Aug 29, 2015	230.275
Aug 30, 2015	229.16
Aug 31, 2015	228.94
Sep 01, 2015	229.04000000000002
Sep 02, 2015	228.53
Sep 03, 2015	228.14
Sep 04, 2015	228.97500000000002
Sep 05, 2015	232.79
Sep 06, 2015	238.79500000000002
Sep 07, 2015	240.41500000000002
Sep 08, 2015	242.73000000000002
Sep 09, 2015	241.12
Sep 10, 2015	238.54
Sep 11, 2015	239.75
Sep 12, 2015	237.435
Sep 13, 2015	232.635
Sep 14, 2015	230.2
Sep 15, 2015	244.5
Sep 16, 2015	229.31
Sep 17, 2015	229.61
Sep 18, 2015	233.26999999999998
Sep 19, 2015	232.15
Sep 20, 2015	231.64
Sep 21, 2015	228.87
Sep 22, 2015	228.755
Sep 23, 2015	230.715
Sep 24, 2015	232.97500000000002
Sep 25, 2015	235.555
Sep 26, 2015	234.38
Sep 27, 2015	233.505
Sep 28, 2015	235.905
Sep 29, 2015	237.865
Sep 30, 2015	236.68
Oct 01, 2015	237.035
Oct 02, 2015	237.57
Oct 03, 2015	238.13
Oct 04, 2015	238.45499999999998
Oct 05, 2015	238.70999999999998
Oct 06, 2015	243.54
Oct 07, 2015	244.635
Oct 08, 2015	243.215
Oct 09, 2015	243.175
Oct 10, 2015	244.195
Oct 11, 2015	245.695
Oct 12, 2015	246.315
Oct 13, 2015	247.0
Oct 14, 2015	251.59
Oct 15, 2015	254.005
Oct 16, 2015	260.03499999999997
Oct 17, 2015	267.975
Oct 18, 2015	266.225
Oct 19, 2015	262.885
Oct 20, 2015	267.03499999999997
Oct 21, 2015	267.30499999999995
Oct 22, 2015	271.325
Oct 23, 2015	276.11
Oct 24, 2015	279.105
Oct 25, 2015	287.755
Oct 26, 2015	282.905
Oct 27, 2015	290.61
Oct 28, 2015	300.015
Oct 29, 2015	309.995
Oct 30, 2015	324.055
Oct 31, 2015	321.015
Nov 01, 2015	319.675
Nov 02, 2015	344.28499999999997
Nov 03, 2015	387.775
Nov 04, 2015	438.055
Nov 05, 2015	411.07
Nov 06, 2015	374.93499999999995
Nov 07, 2015	381.51
Nov 08, 2015	379.29999999999995
Nov 09, 2015	374.09
Nov 10, 2015	355.25
Nov 11, 2015	320.79499999999996
Nov 12, 2015	329.22
Nov 13, 2015	333.495
Nov 14, 2015	334.07500000000005
Nov 15, 2015	326.07500000000005
Nov 16, 2015	323.77
Nov 17, 2015	333.98
Nov 18, 2015	333.585
Nov 19, 2015	330.29999999999995
Nov 20, 2015	319.345
Nov 21, 2015	323.88
Nov 22, 2015	324.135
Nov 23, 2015	323.20500000000004
Nov 24, 2015	320.59000000000003
Nov 25, 2015	322.95
Nov 26, 2015	347.495
Nov 27, 2015	355.73
Nov 28, 2015	355.855
Nov 29, 2015	363.805
Nov 30, 2015	376.37
Dec 01, 2015	367.745
Dec 02, 2015	355.85
Dec 03, 2015	363.845
Dec 04, 2015	359.64
Dec 05, 2015	376.51
Dec 06, 2015	394.95
Dec 07, 2015	392.69000000000005
Dec 08, 2015	402.755
Dec 09, 2015	414.70500000000004
Dec 10, 2015	415.53
Dec 11, 2015	433.61
Dec 12, 2015	439.92
Dec 13, 2015	433.975
Dec 14, 2015	438.79999999999995
Dec 15, 2015	454.6
Dec 16, 2015	454.53
Dec 17, 2015	453.36
Dec 18, 2015	460.06
Dec 19, 2015	461.17499999999995
Dec 20, 2015	448.495
Dec 21, 2015	436.02
Dec 22, 2015	439.605
Dec 23, 2015	440.575
Dec 24, 2015	450.77
Dec 25, 2015	455.195
Dec 26, 2015	431.625
Dec 27, 2015	416.445
Dec 28, 2015	424.125
Dec 29, 2015	426.805
Dec 30, 2015	428.235
Dec 31, 2015	425.83000000000004
Jan 01, 2016	431.885
Jan 02, 2016	433.96500000000003
Jan 03, 2016	429.225
Jan 04, 2016	431.79999999999995
Jan 05, 2016	431.93
Jan 06, 2016	429.1
Jan 07, 2016	443.92499999999995
Jan 08, 2016	455.435
Jan 09, 2016	450.765
Jan 10, 2016	444.33000000000004
Jan 11, 2016	447.26
Jan 12, 2016	441.935
Jan 13, 2016	429.815
Jan 14, 2016	430.58500000000004
Jan 15, 2016	397.29499999999996
Jan 16, 2016	372.735
Jan 17, 2016	385.53
Jan 18, 2016	382.385
Jan 19, 2016	383.35
Jan 20, 2016	400.935
Jan 21, 2016	414.59000000000003
Jan 22, 2016	392.845
Jan 23, 2016	388.26
Jan 24, 2016	396.5
Jan 25, 2016	395.435
Jan 26, 2016	394.17499999999995
Jan 27, 2016	394.30999999999995
Jan 28, 2016	387.62
Jan 29, 2016	374.91499999999996
Jan 30, 2016	378.70500000000004
Jan 31, 2016	374.095
Feb 01, 2016	373.015
Feb 02, 2016	374.4
Feb 03, 2016	371.5
Feb 04, 2016	380.8
Feb 05, 2016	388.33
Feb 06, 2016	379.51
Feb 07, 2016	377.885
Feb 08, 2016	376.605
Feb 09, 2016	375.075
Feb 10, 2016	380.63
Feb 11, 2016	379.765
Feb 12, 2016	382.275
Feb 13, 2016	388.25
Feb 14, 2016	400.08000000000004
Feb 15, 2016	404.065
Feb 16, 2016	405.19
Feb 17, 2016	413.975
Feb 18, 2016	420.82
Feb 19, 2016	420.35
Feb 20, 2016	431.79
Feb 21, 2016	438.565
Feb 22, 2016	435.985
Feb 23, 2016	428.84000000000003
Feb 24, 2016	419.73
Feb 25, 2016	424.07000000000005
Feb 26, 2016	426.885
Feb 27, 2016	431.165
Feb 28, 2016	429.75
Feb 29, 2016	436.6
Mar 01, 2016	435.985
Mar 02, 2016	429.95500000000004
Mar 03, 2016	422.39
Mar 04, 2016	418.06
Mar 05, 2016	402.65
Mar 06, 2016	403.845
Mar 07, 2016	411.115
Mar 08, 2016	413.66499999999996
Mar 09, 2016	413.82
Mar 10, 2016	415.38
Mar 11, 2016	420.47
Mar 12, 2016	415.945
Mar 13, 2016	414.12
Mar 14, 2016	415.44
Mar 15, 2016	416.56
Mar 16, 2016	416.8
Mar 17, 2016	419.445
Mar 18, 2016	413.345
Mar 19, 2016	409.105
Mar 20, 2016	412.515
Mar 21, 2016	411.9
Mar 22, 2016	415.455
Mar 23, 2016	418.315
Mar 24, 2016	417.08500000000004
Mar 25, 2016	416.82
Mar 26, 2016	417.625
Mar 27, 2016	423.255
Mar 28, 2016	425.07500000000005
Mar 29, 2016	419.44
Mar 30, 2016	414.66499999999996
Mar 31, 2016	416.815
Apr 01, 2016	417.0
Apr 02, 2016	420.25
Apr 03, 2016	420.64
Apr 04, 2016	420.97
Apr 05, 2016	422.435
Apr 06, 2016	423.63
Apr 07, 2016	422.09000000000003
Apr 08, 2016	422.5
Apr 09, 2016	418.705
Apr 10, 2016	420.85
Apr 11, 2016	421.635
Apr 12, 2016	425.05999999999995
Apr 13, 2016	424.79
Apr 14, 2016	424.19
Apr 15, 2016	427.18
Apr 16, 2016	430.805
Apr 17, 2016	428.725
Apr 18, 2016	428.17999999999995
Apr 19, 2016	432.06
Apr 20, 2016	438.73
Apr 21, 2016	445.75
Apr 22, 2016	446.98
Apr 23, 2016	447.30499999999995
Apr 24, 2016	454.53999999999996
Apr 25, 2016	460.105
Apr 26, 2016	464.795
Apr 27, 2016	455.605
Apr 28, 2016	443.1
Apr 29, 2016	450.7
Apr 30, 2016	451.645
May 01, 2016	450.20500000000004
May 02, 2016	447.115
May 03, 2016	446.86
May 04, 2016	448.005
May 05, 2016	447.195
May 06, 2016	454.225
May 07, 2016	459.0
May 08, 2016	457.70000000000005
May 09, 2016	459.505
May 10, 2016	455.44
May 11, 2016	452.72
May 12, 2016	452.1
May 13, 2016	455.255
May 14, 2016	455.815
May 15, 2016	457.075
May 16, 2016	455.575
May 17, 2016	454.34000000000003
May 18, 2016	454.65
May 19, 2016	446.675
May 20, 2016	440.72
May 21, 2016	442.745
May 22, 2016	441.235
May 23, 2016	441.58500000000004
May 24, 2016	445.515
May 25, 2016	448.18
May 26, 2016	450.77
May 27, 2016	465.835
May 28, 2016	503.08500000000004
May 29, 2016	533.0699999999999
May 30, 2016	533.655
May 31, 2016	533.64
Jun 01, 2016	534.36
Jun 02, 2016	536.715
Jun 03, 2016	555.78
Jun 04, 2016	577.185
Jun 05, 2016	575.9949999999999
Jun 06, 2016	580.5350000000001
Jun 07, 2016	578.885
Jun 08, 2016	577.985
Jun 09, 2016	576.575
Jun 10, 2016	576.23
Jun 11, 2016	592.895
Jun 12, 2016	645.94
Jun 13, 2016	690.245
Jun 14, 2016	683.65
Jun 15, 2016	684.43
Jun 16, 2016	735.12
Jun 17, 2016	745.96
Jun 18, 2016	755.96
Jun 19, 2016	756.125
Jun 20, 2016	748.405
Jun 21, 2016	687.475
Jun 22, 2016	633.075
Jun 23, 2016	593.735
Jun 24, 2016	653.5
Jun 25, 2016	669.145
Jun 26, 2016	641.4549999999999
Jun 27, 2016	637.9
Jun 28, 2016	648.51
Jun 29, 2016	636.48
Jun 30, 2016	656.005
Jul 01, 2016	677.87
Jul 02, 2016	690.05
Jul 03, 2016	676.99
Jul 04, 2016	667.085
Jul 05, 2016	674.28
Jul 06, 2016	676.16
Jul 07, 2016	647.13
Jul 08, 2016	651.59
Jul 09, 2016	649.89
Jul 10, 2016	646.775
Jul 11, 2016	652.3050000000001
Jul 12, 2016	661.02
Jul 13, 2016	661.585
Jul 14, 2016	657.91
Jul 15, 2016	663.06
Jul 16, 2016	662.895
Jul 17, 2016	672.1800000000001
Jul 18, 2016	675.095
Jul 19, 2016	670.4549999999999
Jul 20, 2016	668.145
Jul 21, 2016	663.3199999999999
Jul 22, 2016	656.6500000000001
Jul 23, 2016	652.4449999999999
Jul 24, 2016	657.95
Jul 25, 2016	657.615
Jul 26, 2016	651.0550000000001
Jul 27, 2016	652.955
Jul 28, 2016	656.0450000000001
Jul 29, 2016	656.295
Jul 30, 2016	656.215
Jul 31, 2016	639.8299999999999
Aug 01, 2016	616.0
Aug 02, 2016	572.09
Aug 03, 2016	557.4549999999999
Aug 04, 2016	572.64
Aug 05, 2016	574.13
Aug 06, 2016	578.935
Aug 07, 2016	592.165
Aug 08, 2016	590.52
Aug 09, 2016	587.94
Aug 10, 2016	593.175
Aug 11, 2016	593.3299999999999
Aug 12, 2016	586.8599999999999
Aug 13, 2016	587.375
Aug 14, 2016	575.2249999999999
Aug 15, 2016	568.4100000000001
Aug 16, 2016	574.23
Aug 17, 2016	576.16
Aug 18, 2016	575.6099999999999
Aug 19, 2016	576.21
Aug 20, 2016	579.1400000000001
Aug 21, 2016	582.19
Aug 22, 2016	584.52
Aug 23, 2016	585.55
Aug 24, 2016	581.725
Aug 25, 2016	577.81
Aug 26, 2016	578.74
Aug 27, 2016	574.24
Aug 28, 2016	571.89
Aug 29, 2016	574.875
Aug 30, 2016	576.235
Aug 31, 2016	575.75
Sep 01, 2016	574.06
Sep 02, 2016	573.2249999999999
Sep 03, 2016	586.78
Sep 04, 2016	604.345
Sep 05, 2016	605.65
Sep 06, 2016	607.96
Sep 07, 2016	611.53
Sep 08, 2016	621.3050000000001
Sep 09, 2016	623.5450000000001
Sep 10, 2016	623.75
Sep 11, 2016	614.665
Sep 12, 2016	606.935
Sep 13, 2016	609.06
Sep 14, 2016	610.1800000000001
Sep 15, 2016	609.125
Sep 16, 2016	608.0
Sep 17, 2016	606.5250000000001
Sep 18, 2016	608.01
Sep 19, 2016	609.5999999999999
Sep 20, 2016	608.735
Sep 21, 2016	599.735
Sep 22, 2016	597.35
Sep 23, 2016	599.5
Sep 24, 2016	603.315
Sep 25, 2016	601.5450000000001
Sep 26, 2016	604.245
Sep 27, 2016	606.1800000000001
Sep 28, 2016	605.6
Sep 29, 2016	605.835
Sep 30, 2016	606.94
Oct 01, 2016	612.585
Oct 02, 2016	611.845
Oct 03, 2016	611.5150000000001
Oct 04, 2016	610.765
Oct 05, 2016	611.7149999999999
Oct 06, 2016	612.645
Oct 07, 2016	614.865
Oct 08, 2016	618.595
Oct 09, 2016	617.905
Oct 10, 2016	618.76
Oct 11, 2016	630.29
Oct 12, 2016	638.655
Oct 13, 2016	636.9300000000001
Oct 14, 2016	639.15
Oct 15, 2016	639.745
Oct 16, 2016	640.9
Oct 17, 2016	640.495
Oct 18, 2016	638.37
Oct 19, 2016	633.44
Oct 20, 2016	630.0899999999999
Oct 21, 2016	632.3900000000001
Oct 22, 2016	645.5250000000001
Oct 23, 2016	657.51
Oct 24, 2016	654.925
Oct 25, 2016	659.06
Oct 26, 2016	668.7049999999999
Oct 27, 2016	683.315
Oct 28, 2016	687.3
Oct 29, 2016	705.2249999999999
Oct 30, 2016	705.3
Oct 31, 2016	700.4849999999999
Nov 01, 2016	718.895
Nov 02, 2016	731.59
Nov 03, 2016	711.9649999999999
Nov 04, 2016	696.2449999999999
Nov 05, 2016	702.625
Nov 06, 2016	706.91
Nov 07, 2016	705.3199999999999
Nov 08, 2016	707.69
Nov 09, 2016	724.3299999999999
Nov 10, 2016	717.115
Nov 11, 2016	716.365
Nov 12, 2016	710.595
Nov 13, 2016	696.29
Nov 14, 2016	703.045
Nov 15, 2016	710.49
Nov 16, 2016	728.3299999999999
Nov 17, 2016	747.5799999999999
Nov 18, 2016	744.885
Nov 19, 2016	750.355
Nov 20, 2016	736.71
Nov 21, 2016	736.115
Nov 22, 2016	745.2
Nov 23, 2016	745.585
Nov 24, 2016	740.1600000000001
Nov 25, 2016	738.12
Nov 26, 2016	735.9200000000001
Nov 27, 2016	735.0550000000001
Nov 28, 2016	735.245
Nov 29, 2016	736.015
Nov 30, 2016	742.0999999999999
Dec 01, 2016	752.165
Dec 02, 2016	769.425
Dec 03, 2016	771.5550000000001
Dec 04, 2016	771.015
Dec 05, 2016	762.59
Dec 06, 2016	762.1700000000001
Dec 07, 2016	765.645
Dec 08, 2016	770.325
Dec 09, 2016	772.0899999999999
Dec 10, 2016	775.0
Dec 11, 2016	770.105
Dec 12, 2016	775.98
Dec 13, 2016	783.21
Dec 14, 2016	779.435
Dec 15, 2016	779.62
Dec 16, 2016	781.995
Dec 17, 2016	788.685
Dec 18, 2016	791.385
Dec 19, 2016	791.965
Dec 20, 2016	796.4200000000001
Dec 21, 2016	816.845
Dec 22, 2016	854.9649999999999
Dec 23, 2016	894.9
Dec 24, 2016	904.9100000000001
Dec 25, 2016	881.035
Dec 26, 2016	905.04
Dec 27, 2016	922.155
Dec 28, 2016	955.375
Dec 29, 2016	966.95
Dec 30, 2016	953.685
Dec 31, 2016	955.49
Jan 01, 2017	980.8900000000001
Jan 02, 2017	1014.0450000000001
Jan 03, 2017	1032.84
Jan 04, 2017	1101.91
Jan 05, 2017	1050.76
Jan 06, 2017	965.375
Jan 07, 2017	866.075
Jan 08, 2017	914.985
Jan 09, 2017	896.75
Jan 10, 2017	907.9649999999999
Jan 11, 2017	841.11
Jan 12, 2017	791.005
Jan 13, 2017	804.5
Jan 14, 2017	823.7750000000001
Jan 15, 2017	818.0899999999999
Jan 16, 2017	827.4
Jan 17, 2017	870.68
Jan 18, 2017	887.9
Jan 19, 2017	894.475
Jan 20, 2017	893.2049999999999
Jan 21, 2017	911.4549999999999
Jan 22, 2017	917.545
Jan 23, 2017	922.505
Jan 24, 2017	908.22
Jan 25, 2017	897.47
Jan 26, 2017	910.7750000000001
Jan 27, 2017	919.5350000000001
Jan 28, 2017	921.8599999999999
Jan 29, 2017	921.285
Jan 30, 2017	921.26
Jan 31, 2017	946.49
Feb 01, 2017	979.925
Feb 02, 2017	998.37
Feb 03, 2017	1021.3299999999999
Feb 04, 2017	1030.53
Feb 05, 2017	1033.0
Feb 06, 2017	1036.4
Feb 07, 2017	1051.035
Feb 08, 2017	1058.23
Feb 09, 2017	1021.165
Feb 10, 2017	972.8
Feb 11, 2017	996.06
Feb 12, 2017	1000.8399999999999
Feb 13, 2017	989.05
Feb 14, 2017	998.99
Feb 15, 2017	1005.21
Feb 16, 2017	1020.51
Feb 17, 2017	1039.4050000000002
Feb 18, 2017	1054.03
Feb 19, 2017	1050.135
Feb 20, 2017	1061.0900000000001
Feb 21, 2017	1097.0900000000001
Feb 22, 2017	1112.97
Feb 23, 2017	1146.79
Feb 24, 2017	1166.1750000000002
Feb 25, 2017	1149.7199999999998
Feb 26, 2017	1148.835
Feb 27, 2017	1172.68
Feb 28, 2017	1182.5349999999999
Mar 01, 2017	1201.095
Mar 02, 2017	1238.875
Mar 03, 2017	1265.51
Mar 04, 2017	1254.955
Mar 05, 2017	1252.675
Mar 06, 2017	1270.3
Mar 07, 2017	1240.175
Mar 08, 2017	1190.12
Mar 09, 2017	1169.345
Mar 10, 2017	1173.8600000000001
Mar 11, 2017	1155.0749999999998
Mar 12, 2017	1201.17
Mar 13, 2017	1227.1999999999998
Mar 14, 2017	1232.7649999999999
Mar 15, 2017	1245.6799999999998
Mar 16, 2017	1205.21
Mar 17, 2017	1139.865
Mar 18, 2017	1035.865
Mar 19, 2017	1023.32
Mar 20, 2017	1049.855
Mar 21, 2017	1088.895
Mar 22, 2017	1067.43
Mar 23, 2017	1043.47
Mar 24, 2017	987.415
Mar 25, 2017	939.735
Mar 26, 2017	981.075
Mar 27, 2017	1009.19
Mar 28, 2017	1046.19
Mar 29, 2017	1035.505
Mar 30, 2017	1034.665
Mar 31, 2017	1050.7800000000002
Apr 01, 2017	1076.405
Apr 02, 2017	1091.52
Apr 03, 2017	1127.345
Apr 04, 2017	1138.48
Apr 05, 2017	1124.3600000000001
Apr 06, 2017	1157.09
Apr 07, 2017	1174.9850000000001
Apr 08, 2017	1173.78
Apr 09, 2017	1184.5349999999999
Apr 10, 2017	1184.69
Apr 11, 2017	1197.7649999999999
Apr 12, 2017	1201.95
Apr 13, 2017	1181.165
Apr 14, 2017	1175.295
Apr 15, 2017	1176.48
Apr 16, 2017	1179.915
Apr 17, 2017	1183.775
Apr 18, 2017	1205.67
Apr 19, 2017	1210.295
Apr 20, 2017	1224.6
Apr 21, 2017	1225.75
Apr 22, 2017	1222.0149999999999
Apr 23, 2017	1218.0700000000002
Apr 24, 2017	1230.285
Apr 25, 2017	1258.775
Apr 26, 2017	1280.38
Apr 27, 2017	1300.5
Apr 28, 2017	1311.8249999999998
Apr 29, 2017	1321.205
Apr 30, 2017	1331.415
May 01, 2017	1391.31
May 02, 2017	1444.795
May 03, 2017	1470.13
May 04, 2017	1549.815
May 05, 2017	1574.17
May 06, 2017	1560.65
May 07, 2017	1578.24
May 08, 2017	1660.135
May 09, 2017	1774.895
May 10, 2017	1753.77
May 11, 2017	1814.6399999999999
May 12, 2017	1775.08
May 13, 2017	1732.0349999999999
May 14, 2017	1804.02
May 15, 2017	1760.67
May 16, 2017	1736.24
May 17, 2017	1762.98
May 18, 2017	1855.8
May 19, 2017	1947.385
May 20, 2017	2029.825
May 21, 2017	2078.29
May 22, 2017	2160.885
May 23, 2017	2249.66
May 24, 2017	2422.545
May 25, 2017	2524.505
May 26, 2017	2322.89
May 27, 2017	2058.015
May 28, 2017	2160.71
May 29, 2017	2207.11
May 30, 2017	2213.2650000000003
May 31, 2017	2228.325
Jun 01, 2017	2368.3599999999997
Jun 02, 2017	2430.9350000000004
Jun 03, 2017	2502.74
Jun 04, 2017	2519.215
Jun 05, 2017	2598.515
Jun 06, 2017	2845.375
Jun 07, 2017	2784.9700000000003
Jun 08, 2017	2743.125
Jun 09, 2017	2848.665
Jun 10, 2017	2848.77
Jun 11, 2017	2918.565
Jun 12, 2017	2757.91
Jun 13, 2017	2719.71
Jun 14, 2017	2599.885
Jun 15, 2017	2373.835
Jun 16, 2017	2462.535
Jun 17, 2017	2585.075
Jun 18, 2017	2589.215
Jun 19, 2017	2605.94
Jun 20, 2017	2676.635
Jun 21, 2017	2716.205
Jun 22, 2017	2683.05
Jun 23, 2017	2735.77
Jun 24, 2017	2670.565
Jun 25, 2017	2617.19
Jun 26, 2017	2495.77
Jun 27, 2017	2442.72
Jun 28, 2017	2544.2
Jun 29, 2017	2549.6549999999997
Jun 30, 2017	2518.84
Jul 01, 2017	2467.25
Jul 02, 2017	2454.5600000000004
Jul 03, 2017	2537.7349999999997
Jul 04, 2017	2595.4700000000003
Jul 05, 2017	2580.6000000000004
Jul 06, 2017	2599.205
Jul 07, 2017	2707.505
Jul 08, 2017	2531.825
Jul 09, 2017	2576.54
Jul 10, 2017	2429.145
Jul 11, 2017	2355.14
Jul 12, 2017	2349.425
Jul 13, 2017	2383.0249999999996
Jul 14, 2017	2273.2349999999997
Jul 15, 2017	2110.775
Jul 16, 2017	1950.9
Jul 17, 2017	2081.555
Jul 18, 2017	2276.19
Jul 19, 2017	2328.7
Jul 20, 2017	2585.295
Jul 21, 2017	2730.13
Jul 22, 2017	2760.065
Jul 23, 2017	2743.06
Jul 24, 2017	2738.2250000000004
Jul 25, 2017	2624.52
Jul 26, 2017	2530.78
Jul 27, 2017	2611.33
Jul 28, 2017	2788.59
Jul 29, 2017	2750.78
Jul 30, 2017	2701.69
Jul 31, 2017	2805.115
Aug 01, 2017	2803.48
Aug 02, 2017	2715.5600000000004
Aug 03, 2017	2749.225
Aug 04, 2017	2821.5249999999996
Aug 05, 2017	3082.42
Aug 06, 2017	3224.4449999999997
Aug 07, 2017	3289.285
Aug 08, 2017	3415.34
Aug 09, 2017	3335.215
Aug 10, 2017	3386.46
Aug 11, 2017	3525.92
Aug 12, 2017	3781.81
Aug 13, 2017	4033.0950000000003
Aug 14, 2017	4157.145
Aug 15, 2017	4181.075
Aug 16, 2017	4187.825
Aug 17, 2017	4364.205
Aug 18, 2017	4192.765
Aug 19, 2017	4106.905000000001
Aug 20, 2017	4133.085
Aug 21, 2017	4048.87
Aug 22, 2017	3901.67
Aug 23, 2017	4167.094999999999
Aug 24, 2017	4253.325000000001
Aug 25, 2017	4381.525
Aug 26, 2017	4324.4
Aug 27, 2017	4366.9400000000005
Aug 28, 2017	4314.285
Aug 29, 2017	4488.905000000001
Aug 30, 2017	4548.965
Aug 31, 2017	4642.725
Sep 01, 2017	4785.27
Sep 02, 2017	4722.139999999999
Sep 03, 2017	4565.835
Sep 04, 2017	4350.014999999999
Sep 05, 2017	4212.975
Sep 06, 2017	4496.92
Sep 07, 2017	4573.1849999999995
Sep 08, 2017	4368.09
Sep 09, 2017	4211.465
Sep 10, 2017	4098.24
Sep 11, 2017	4180.535
Sep 12, 2017	4214.9349999999995
Sep 13, 2017	3960.95
Sep 14, 2017	3537.23
Sep 15, 2017	3340.035
Sep 16, 2017	3648.315
Sep 17, 2017	3555.225
Sep 18, 2017	3835.16
Sep 19, 2017	3981.4700000000003
Sep 20, 2017	3944.56
Sep 21, 2017	3765.025
Sep 22, 2017	3655.9
Sep 23, 2017	3706.895
Sep 24, 2017	3731.525
Sep 25, 2017	3815.915
Sep 26, 2017	3919.895
Sep 27, 2017	4047.4350000000004
Sep 28, 2017	4194.505
Sep 29, 2017	4126.96
Sep 30, 2017	4259.645
Oct 01, 2017	4336.775
Oct 02, 2017	4423.844999999999
Oct 03, 2017	4345.68
Oct 04, 2017	4281.365
Oct 05, 2017	4263.345
Oct 06, 2017	4366.9
Oct 07, 2017	4382.465
Oct 08, 2017	4514.89
Oct 09, 2017	4721.48
Oct 10, 2017	4843.635
Oct 11, 2017	4812.68
Oct 12, 2017	5134.455
Oct 13, 2017	5638.575000000001
Oct 14, 2017	5714.67
Oct 15, 2017	5665.545
Oct 16, 2017	5660.219999999999
Oct 17, 2017	5636.535
Oct 18, 2017	5377.629999999999
Oct 19, 2017	5637.705
Oct 20, 2017	5843.67
Oct 21, 2017	6079.975
Oct 22, 2017	5934.3
Oct 23, 2017	5904.030000000001
Oct 24, 2017	5719.85
Oct 25, 2017	5576.105
Oct 26, 2017	5849.01
Oct 27, 2017	5858.605
Oct 28, 2017	5782.955
Oct 29, 2017	5990.145
Oct 30, 2017	6127.92
Oct 31, 2017	6286.88
Nov 01, 2017	6572.595
Nov 02, 2017	7063.025
Nov 03, 2017	7232.115
Nov 04, 2017	7262.07
Nov 05, 2017	7475.334999999999
Nov 06, 2017	7226.540000000001
Nov 07, 2017	7138.21
Nov 08, 2017	7445.22
Nov 09, 2017	7274.175
Nov 10, 2017	6874.4349999999995
Nov 11, 2017	6538.6849999999995
Nov 12, 2017	6072.030000000001
Nov 13, 2017	6327.74
Nov 14, 2017	6613.365
Nov 15, 2017	6988.505
Nov 16, 2017	7571.98
Nov 17, 2017	7782.84
Nov 18, 2017	7674.215
Nov 19, 2017	7898.005
Nov 20, 2017	8143.110000000001
Nov 21, 2017	8055.6849999999995
Nov 22, 2017	8188.865
Nov 23, 2017	8153.085
Nov 24, 2017	8157.545
Nov 25, 2017	8491.035
Nov 26, 2017	9149.26
Nov 27, 2017	9585.535
Nov 28, 2017	9931.0
Nov 29, 2017	10559.215
Nov 30, 2017	10001.525
Dec 01, 2017	10370.675
Dec 02, 2017	11112.650000000001
Dec 03, 2017	11360.35
Dec 04, 2017	11369.5
Dec 05, 2017	11818.3
Dec 06, 2017	13146.25
Dec 07, 2017	15978.5
Dec 08, 2017	16345.150000000001
Dec 09, 2017	15228.95
Dec 10, 2017	14538.6
Dec 11, 2017	16459.35
Dec 12, 2017	17176.699999999997
Dec 13, 2017	16846.4
Dec 14, 2017	16635.85
Dec 15, 2017	17377.699999999997
Dec 16, 2017	18616.0
Dec 17, 2017	19531.55
Dec 18, 2017	18863.45
Dec 19, 2017	18226.6
Dec 20, 2017	17006.2
Dec 21, 2017	16455.2
Dec 22, 2017	13888.2
Dec 23, 2017	14716.0
Dec 24, 2017	13686.85
Dec 25, 2017	14020.95
Dec 26, 2017	15245.05
Dec 27, 2017	16022.6
Dec 28, 2017	14912.849999999999
Dec 29, 2017	14793.0
Dec 30, 2017	13516.0
Dec 31, 2017	13566.5
Jan 01, 2018	13633.45
Jan 02, 2018	14304.1
Jan 03, 2018	15208.65
Jan 04, 2018	15130.95
Jan 05, 2018	16454.0
Jan 06, 2018	17238.5
Jan 07, 2018	16833.65
Jan 08, 2018	15373.050000000001
Jan 09, 2018	14960.75
Jan 10, 2018	14332.25
Jan 11, 2018	14062.349999999999
Jan 12, 2018	13694.0
Jan 13, 2018	14305.95
Jan 14, 2018	13889.9
Jan 15, 2018	14043.6
Jan 16, 2018	12019.0
Jan 17, 2018	10540.145
Jan 18, 2018	11524.9
Jan 19, 2018	11582.45
Jan 20, 2018	12379.6
Jan 21, 2018	12092.05
Jan 22, 2018	11103.3
Jan 23, 2018	10753.650000000001
Jan 24, 2018	11070.599999999999
Jan 25, 2018	11421.55
Jan 26, 2018	11063.5
Jan 27, 2018	11302.05
Jan 28, 2018	11757.8
Jan 29, 2018	11527.400000000001
Jan 30, 2018	10671.7
Jan 31, 2018	10079.51
Feb 01, 2018	9550.54
Feb 02, 2018	8469.385
Feb 03, 2018	8841.189999999999
Feb 04, 2018	8683.045
Feb 05, 2018	7560.76
Feb 06, 2018	6949.48
Feb 07, 2018	7872.950000000001
Feb 08, 2018	8098.3150000000005
Feb 09, 2018	8310.845
Feb 10, 2018	8709.009999999998
Feb 11, 2018	8273.615
Feb 12, 2018	8563.675
Feb 13, 2018	8706.939999999999
Feb 14, 2018	9059.23
Feb 15, 2018	9815.189999999999
Feb 16, 2018	10074.46
Feb 17, 2018	10644.45
Feb 18, 2018	10837.9
Feb 19, 2018	10893.5
Feb 20, 2018	11595.15
Feb 21, 2018	10948.8
Feb 22, 2018	10489.095000000001
Feb 23, 2018	10110.93
Feb 24, 2018	10072.085
Feb 25, 2018	9665.14
Feb 26, 2018	9988.365
Feb 27, 2018	10562.3
Feb 28, 2018	10741.45
Mar 01, 2018	10702.5
Mar 02, 2018	11019.55
Mar 03, 2018	11265.3
Mar 04, 2018	11324.35
Mar 05, 2018	11574.0
Mar 06, 2018	11097.2
Mar 07, 2018	10310.810000000001
Mar 08, 2018	9741.635
Mar 09, 2018	8989.69
Mar 10, 2018	9179.895
Mar 11, 2018	9159.505000000001
Mar 12, 2018	9446.965
Mar 13, 2018	9214.285
Mar 14, 2018	8712.220000000001
Mar 15, 2018	8105.700000000001
Mar 16, 2018	8295.23
Mar 17, 2018	8079.675
Mar 18, 2018	7821.75
Mar 19, 2018	8429.135
Mar 20, 2018	8720.455
Mar 21, 2018	9011.85
Mar 22, 2018	8832.805
Mar 23, 2018	8620.12
Mar 24, 2018	8830.94
Mar 25, 2018	8565.555
Mar 26, 2018	8225.755000000001
Mar 27, 2018	8015.030000000001
Mar 28, 2018	7966.030000000001
Mar 29, 2018	7537.855
Mar 30, 2018	6980.295
Mar 31, 2018	7035.685
Apr 01, 2018	6793.91
Apr 02, 2018	6976.025
Apr 03, 2018	7301.715
Apr 04, 2018	7136.88
Apr 05, 2018	6789.3099999999995
Apr 06, 2018	6716.245
Apr 07, 2018	6840.525
Apr 08, 2018	7015.77
Apr 09, 2018	6920.049999999999
Apr 10, 2018	6788.28
Apr 11, 2018	6892.955
Apr 12, 2018	7352.87
Apr 13, 2018	7971.445
Apr 14, 2018	7993.355
Apr 15, 2018	8168.875
Apr 16, 2018	8148.44
Apr 17, 2018	8083.84
Apr 18, 2018	8041.905
Apr 19, 2018	8218.735
Apr 20, 2018	8562.385
Apr 21, 2018	8824.86
Apr 22, 2018	8890.625
Apr 23, 2018	8873.68
Apr 24, 2018	9330.220000000001
Apr 25, 2018	9272.58
Apr 26, 2018	9004.3
